type;title;country;release_year;rating;duration;listed_in
Movie;Dick Johnson Is Dead;United States;2020;PG-13;90 min;Documentaries
TV Show;Blood & Water;South Africa;2021;TV-MA;2 Seasons;International TV Shows, TV Dramas, TV Mysteries
TV Show;Ganglands;;2021;TV-MA;1 Season;Crime TV Shows, International TV Shows, TV Action & Adventure
TV Show;Jailbirds New Orleans;;2021;TV-MA;1 Season;Docuseries, Reality TV
TV Show;Kota Factory;India;2021;TV-MA;2 Seasons;International TV Shows, Romantic TV Shows, TV Comedies
TV Show;Midnight Mass;;2021;TV-MA;1 Season;TV Dramas, TV Horror, TV Mysteries
Movie;My Little Pony: A New Generation;;2021;PG;91 min;Children & Family Movies
Movie;Sankofa;United States, Ghana, Burkina Faso, United Kingdom, Germany, Ethiopia;1993;TV-MA;125 min;Dramas, Independent Movies, International Movies
TV Show;The Great British Baking Show;United Kingdom;2021;TV-14;9 Seasons;British TV Shows, Reality TV
Movie;The Starling;United States;2021;PG-13;104 min;Comedies, Dramas
TV Show;Vendetta: Truth, Lies and The Mafia;;2021;TV-MA;1 Season;Crime TV Shows, Docuseries, International TV Shows
TV Show;Bangkok Breaking;;2021;TV-MA;1 Season;Crime TV Shows, International TV Shows, TV Action & Adventure
Movie;Je Suis Karl;Germany, Czech Republic;2021;TV-MA;127 min;Dramas, International Movies
Movie;Confessions of an Invisible Girl;;2021;TV-PG;91 min;Children & Family Movies, Comedies
TV Show;Crime Stories: India Detectives;;2021;TV-MA;1 Season;British TV Shows, Crime TV Shows, Docuseries
TV Show;Dear White People;United States;2021;TV-MA;4 Seasons;TV Comedies, TV Dramas
Movie;Europe's Most Dangerous Man: Otto Skorzeny in Spain;;2020;TV-MA;67 min;Documentaries, International Movies
TV Show;Falsa identidad;Mexico;2020;TV-MA;2 Seasons;Crime TV Shows, Spanish-Language TV Shows, TV Dramas
Movie;Intrusion;;2021;TV-14;94 min;Thrillers
TV Show;Jaguar;;2021;TV-MA;1 Season;International TV Shows, Spanish-Language TV Shows, TV Action & Adventure
TV Show;Monsters Inside: The 24 Faces of Billy Milligan;;2021;TV-14;1 Season;Crime TV Shows, Docuseries, International TV Shows
TV Show;Resurrection: Ertugrul;Turkey;2018;TV-14;5 Seasons;International TV Shows, TV Action & Adventure, TV Dramas
Movie;Avvai Shanmughi;;1996;TV-PG;161 min;Comedies, International Movies
Movie;Go! Go! Cory Carson: Chrissy Takes the Wheel;;2021;TV-Y;61 min;Children & Family Movies
Movie;Jeans;India;1998;TV-14;166 min;Comedies, International Movies, Romantic Movies
TV Show;Love on the Spectrum;Australia;2021;TV-14;2 Seasons;Docuseries, International TV Shows, Reality TV
Movie;Minsara Kanavu;;1997;TV-PG;147 min;Comedies, International Movies, Music & Musicals
Movie;Grown Ups;United States;2010;PG-13;103 min;Comedies
Movie;Dark Skies;United States;2013;PG-13;97 min;Horror Movies, Sci-Fi & Fantasy
Movie;Paranoia;United States, India, France;2013;PG-13;106 min;Thrillers
Movie;Ankahi Kahaniya;;2021;TV-14;111 min;Dramas, Independent Movies, International Movies
TV Show;Chicago Party Aunt;;2021;TV-MA;1 Season;TV Comedies
TV Show;Sex Education;United Kingdom;2020;TV-MA;3 Seasons;British TV Shows, International TV Shows, TV Comedies
TV Show;Squid Game;;2021;TV-MA;1 Season;International TV Shows, TV Dramas, TV Thrillers
TV Show;Tayo and Little Wizards;;2020;TV-Y7;1 Season;Kids' TV
Movie;The Father Who Moves Mountains;;2021;TV-MA;110 min;Dramas, International Movies, Thrillers
Movie;The Stronghold;;2021;TV-MA;105 min;Action & Adventure, Dramas, International Movies
TV Show;Angry Birds;Finland;2018;TV-Y7;1 Season;Kids' TV, TV Comedies
Movie;Birth of the Dragon;China, Canada, United States;2017;PG-13;96 min;Action & Adventure, Dramas
TV Show;Chhota Bheem;India;2021;TV-Y7;3 Seasons;Kids' TV
TV Show;He-Man and the Masters of the Universe;United States;2021;TV-Y7;1 Season;Kids' TV, TV Sci-Fi & Fantasy
Movie;Jaws;United States;1975;PG;124 min;Action & Adventure, Classic Movies, Dramas
Movie;Jaws 2;United States;1978;PG;116 min;Dramas, Horror Movies, Thrillers
Movie;Jaws 3;United States;1983;PG;98 min;Action & Adventure, Horror Movies, Thrillers
Movie;Jaws: The Revenge;United States;1987;PG-13;91 min;Action & Adventure, Horror Movies, Thrillers
Movie;My Heroes Were Cowboys;;2021;PG;23 min;Documentaries
Movie;Safe House;South Africa, United States, Japan;2012;R;115 min;Action & Adventure
TV Show;The Smart Money Woman;;2020;TV-MA;1 Season;International TV Shows, Romantic TV Shows, TV Comedies
Movie;Training Day;United States;2001;R;122 min;Dramas, Thrillers
TV Show;Castle and Castle;Nigeria;2021;TV-MA;2 Seasons;International TV Shows, TV Dramas
TV Show;Dharmakshetra;India;2014;TV-PG;1 Season;International TV Shows, TV Dramas, TV Sci-Fi & Fantasy
Movie;InuYasha the Movie 2: The Castle Beyond the Looking Glass;Japan;2002;TV-14;99 min;Action & Adventure, Anime Features, International Movies
Movie;InuYasha the Movie 3: Swords of an Honorable Ruler;Japan;2003;TV-14;99 min;Action & Adventure, Anime Features, International Movies
Movie;InuYasha the Movie 4: Fire on the Mystic Island;Japan;2004;TV-PG;88 min;Action & Adventure, Anime Features, International Movies
Movie;InuYasha the Movie: Affections Touching Across Time;Japan;2001;TV-PG;100 min;Action & Adventure, Anime Features, International Movies
TV Show;Nailed It;United States;2021;TV-PG;6 Seasons;Reality TV
Movie;Naruto Shippuden the Movie: Blood Prison;Japan;2011;TV-14;102 min;Action & Adventure, Anime Features, International Movies
Movie;Naruto Shippûden the Movie: Bonds;Japan;2008;TV-PG;93 min;Action & Adventure, Anime Features, International Movies
Movie;Naruto Shippûden the Movie: The Will of Fire;Japan;2009;TV-PG;96 min;Action & Adventure, Anime Features, International Movies
Movie;Naruto Shippuden: The Movie;Japan;2007;TV-PG;95 min;Action & Adventure, Anime Features, International Movies
Movie;Naruto Shippuden: The Movie: The Lost Tower;Japan;2010;TV-14;85 min;Action & Adventure, Anime Features, International Movies
Movie;Naruto the Movie 2: Legend of the Stone of Gelel;Japan;2005;TV-PG;97 min;Action & Adventure, Anime Features, International Movies
Movie;Naruto the Movie 3: Guardians of the Crescent Moon Kingdom;Japan;2006;TV-PG;95 min;Action & Adventure, Anime Features, International Movies
Movie;Naruto the Movie: Ninja Clash in the Land of Snow;Japan;2004;TV-PG;83 min;Action & Adventure, Anime Features, International Movies
Movie;Nightbooks;;2021;TV-PG;103 min;Children & Family Movies
TV Show;Numberblocks;United Kingdom;2021;TV-Y;6 Seasons;Kids' TV
TV Show;Raja Rasoi Aur Anya Kahaniyan;India;2014;TV-G;1 Season;Docuseries, International TV Shows
TV Show;Saved by the Bell;United States;1994;TV-PG;9 Seasons;Kids' TV, TV Comedies
Movie;Schumacher;;2021;TV-14;113 min;Documentaries, International Movies, Sports Movies
TV Show;Stories by Rabindranath Tagore;India;2015;TV-PG;1 Season;International TV Shows, TV Dramas
TV Show;Too Hot To Handle: Latino;;2021;TV-MA;1 Season;International TV Shows, Reality TV, Romantic TV Shows
Movie;A StoryBots Space Adventure;;2021;TV-Y;13 min;Children & Family Movies
TV Show;Jack Whitehall: Travels with My Father;United Kingdom;2021;TV-MA;5 Seasons;British TV Shows, Docuseries, International TV Shows
Movie;King of Boys;Nigeria;2018;TV-MA;182 min;Dramas, International Movies
TV Show;The World's Most Amazing Vacation Rentals;;2021;TV-PG;2 Seasons;Reality TV
Movie;You vs. Wild: Out Cold;;2021;TV-G;106 min;Children & Family Movies
TV Show;Yowamushi Pedal;Japan;2013;TV-14;1 Season;Anime Series, International TV Shows
Movie;Little Singham - Black Shadow;;2021;TV-Y7;48 min;Children & Family Movies, Comedies
Movie;Tughlaq Durbar;;2020;TV-14;145 min;Comedies, Dramas, International Movies
Movie;Tughlaq Durbar (Telugu);;2021;TV-14;145 min;Comedies, Dramas, International Movies
Movie;Firedrake the Silver Dragon;;2021;TV-Y7;93 min;Children & Family Movies
Movie;Kate;United States;2021;R;106 min;Action & Adventure
TV Show;Lucifer;United States;2021;TV-14;6 Seasons;Crime TV Shows, TV Comedies, TV Dramas
TV Show;Metal Shop Masters;;2021;TV-MA;1 Season;Reality TV
Movie;Omo Ghetto: the Saga;Nigeria;2020;TV-MA;147 min;Action & Adventure, Comedies, Dramas
TV Show;Pokémon Master Journeys: The Series;;2021;TV-Y7;1 Season;Anime Series, Kids' TV
Movie;Prey;;2021;TV-MA;87 min;International Movies, Thrillers
TV Show;Titipo Titipo;;2019;TV-Y;2 Seasons;Kids' TV, Korean TV Shows
Movie;Blood Brothers: Malcolm X & Muhammad Ali;;2021;PG-13;96 min;Documentaries, Sports Movies
TV Show;Mighty Raju;;2017;TV-Y7;4 Seasons;Kids' TV
Movie;Paradise Hills;Spain, United States;2019;TV-MA;95 min;Sci-Fi & Fantasy, Thrillers
Movie;The Women and the Murderer;France;2021;TV-14;92 min;Documentaries, International Movies
TV Show;Into the Night;Belgium;2021;TV-MA;2 Seasons;International TV Shows, TV Dramas, TV Mysteries
Movie;JJ+E;;2021;TV-MA;91 min;Dramas, International Movies, Romantic Movies
Movie;Show Dogs;United Kingdom, United States;2018;PG;90 min;Children & Family Movies, Comedies
TV Show;The Circle;United States, United Kingdom;2021;TV-MA;3 Seasons;Reality TV
Movie;If I Leave Here Tomorrow: A Film About Lynyrd Skynyrd;United States;2018;TV-MA;97 min;Documentaries, Music & Musicals
TV Show;Kid Cosmic;United States;2021;TV-Y7;2 Seasons;Kids' TV, TV Comedies, TV Sci-Fi & Fantasy
TV Show;Octonauts: Above & Beyond;United Kingdom;2021;TV-Y;1 Season;British TV Shows, Kids' TV
TV Show;On the Verge;France, United States;2021;TV-MA;1 Season;TV Comedies, TV Dramas
TV Show;Tobot Galaxy Detectives;;2019;TV-Y7;2 Seasons;Kids' TV
Movie;Untold: Breaking Point;United States;2021;TV-MA;80 min;Documentaries, Sports Movies
TV Show;Countdown: Inspiration4 Mission to Space;;2021;TV-14;1 Season;Docuseries, Science & Nature TV
Movie;Shadow Parties;;2020;TV-MA;117 min;Dramas, International Movies, Thrillers
TV Show;Tayo the Little Bus;South Korea;2016;TV-Y;2 Seasons;Kids' TV, Korean TV Shows
Movie;Angamaly Diaries;India;2017;TV-14;128 min;Action & Adventure, Comedies, Dramas
TV Show;Bunk'd;United States;2021;TV-G;5 Seasons;Kids' TV, TV Comedies
Movie;A Champion Heart;United States;2018;G;90 min;Children & Family Movies, Dramas
TV Show;Dive Club;Australia;2021;TV-G;1 Season;Kids' TV, TV Dramas, Teen TV Shows
TV Show;La casa de papel;Spain;2021;TV-MA;5 Seasons;Crime TV Shows, International TV Shows, Spanish-Language TV Shows
TV Show;Money Heist: From Tokyo to Berlin;;2021;TV-MA;1 Season;Docuseries, International TV Shows, Spanish-Language TV Shows
TV Show;Sharkdog;United States, Singapore;2021;TV-Y;1 Season;Kids' TV
Movie;Worth;;2021;PG-13;119 min;Dramas
Movie;Afterlife of the Party;;2021;TV-PG;110 min;Comedies, Romantic Movies
Movie;Anjaam;India;1994;TV-14;143 min;Dramas, International Movies, Thrillers
Movie;Bright Star;United Kingdom, Australia, France;2009;PG;119 min;Dramas, Romantic Movies
Movie;Dhanak;India;2015;TV-PG;114 min;Comedies, Dramas, Independent Movies
Movie;Final Account;United Kingdom, United States;2021;PG-13;94 min;Documentaries
Movie;Gurgaon;India;2017;TV-14;106 min;Dramas, International Movies, Thrillers
Movie;Here and There;;2020;TV-MA;99 min;Dramas, International Movies, Romantic Movies
TV Show;Heroes of Goo Jit Zu;Australia;2021;TV-Y7;1 Season;Kids' TV, TV Comedies
TV Show;Hotel Del Luna;;2019;TV-14;1 Season;International TV Shows, Romantic TV Shows, TV Comedies
Movie;In the Cut;United Kingdom, Australia, France, United States;2003;R;118 min;Thrillers
TV Show;Luv Kushh;;2012;TV-Y7;1 Season;Kids' TV
TV Show;Pororo - The Little Penguin;South Korea;2013;TV-Y7;3 Seasons;Kids' TV, Korean TV Shows
TV Show;Q-Force;United States;2021;TV-MA;1 Season;Crime TV Shows, TV Action & Adventure, TV Comedies
Movie;Shikara;India;2020;TV-14;115 min;Dramas, International Movies, Romantic Movies
Movie;A Cinderella Story;United States, Canada;2004;PG;95 min;Children & Family Movies, Comedies
Movie;Agatha Christie's Crooked House;;2017;PG-13;115 min;Dramas, International Movies, Thrillers
Movie;An Unfinished Life;Germany, United States;2005;PG-13;108 min;Dramas
Movie;Barbie Big City Big Dreams;;2021;TV-Y;63 min;Children & Family Movies, Music & Musicals
Movie;Blade Runner: The Final Cut;United States;1982;R;117 min;Action & Adventure, Classic Movies, Cult Movies
TV Show;Brave Animated Series;;2021;TV-MA;1 Season;International TV Shows, TV Action & Adventure, TV Comedies
Movie;Chappie;South Africa, United States;2015;R;121 min;Action & Adventure, Sci-Fi & Fantasy
Movie;Clear and Present Danger;United States, Mexico;1994;PG-13;142 min;Action & Adventure, Dramas
Movie;Cliffhanger;United States, Italy, France, Japan;1993;R;113 min;Action & Adventure
Movie;Cold Mountain;United States, Italy, Romania, United Kingdom;2003;R;154 min;Dramas, Romantic Movies
Movie;Crocodile Dundee in Los Angeles;Australia, United States;2001;PG;95 min;Action & Adventure, Comedies
Movie;Dear John;United States;2010;PG-13;108 min;Dramas, Romantic Movies
Movie;Do the Right Thing;United States;1989;R;120 min;Classic Movies, Comedies, Dramas
Movie;El patrón, radiografía de un crimen;Argentina, Venezuela;2014;TV-MA;100 min;Dramas, International Movies, Thrillers
Movie;Extraction;United States, United Kingdom, Canada;2015;R;82 min;Action & Adventure
Movie;Freedom Writers;Germany, United States;2007;PG-13;124 min;Dramas
Movie;Green Lantern;United States;2011;PG-13;114 min;Action & Adventure, Sci-Fi & Fantasy
Movie;House Party;United States;1990;R;104 min;Comedies, Cult Movies
Movie;House Party 2;United States;1991;R;94 min;Comedies, Cult Movies, Music & Musicals
Movie;House Party 3;United States;1994;R;94 min;Comedies, Music & Musicals
TV Show;How to Be a Cowboy;;2021;TV-PG;1 Season;Reality TV
TV Show;HQ Barbers;;2020;TV-14;1 Season;TV Shows
Movie;I Got the Hook Up;United States;1998;R;93 min;Action & Adventure, Comedies
Movie;In Too Deep;United States;1999;R;97 min;Thrillers
Movie;Initial D;China, Hong Kong;2005;TV-14;109 min;Action & Adventure, International Movies
Movie;Janoskians: Untold and Untrue;United States;2016;TV-MA;88 min;Comedies
TV Show;Kid-E-Cats;Russia;2016;TV-Y;2 Seasons;Kids' TV
TV Show;Kuroko's Basketball;Japan;2015;TV-MA;3 Seasons;Anime Series, International TV Shows, Teen TV Shows
Movie;Labyrinth;United Kingdom, United States;1986;PG;101 min;Action & Adventure, Children & Family Movies, Cult Movies
Movie;Letters to Juliet;United States;2010;PG;105 min;Comedies, Dramas, Romantic Movies
Movie;Level 16;Canada;2018;TV-14;102 min;Sci-Fi & Fantasy, Thrillers
Movie;Love Don't Cost a Thing;United States;2003;PG-13;101 min;Comedies, Romantic Movies
Movie;Love in a Puff;Hong Kong;2010;TV-MA;103 min;Comedies, Dramas, International Movies
TV Show;Major Dad;United States;1992;TV-PG;4 Seasons;TV Comedies
Movie;Mars Attacks!;United States;1996;PG-13;106 min;Comedies, Cult Movies, Sci-Fi & Fantasy
Movie;Marshall;United States, China, Hong Kong;2017;PG-13;118 min;Dramas
Movie;My Boss's Daughter;United States;2003;R;86 min;Comedies, Romantic Movies
Movie;Mystery Men;United States;1999;PG-13;121 min;Action & Adventure, Comedies
TV Show;Oldsters;;2019;TV-MA;1 Season;Crime TV Shows, International TV Shows, Spanish-Language TV Shows
Movie;Once Upon a Time in America;Italy, United States;1984;R;229 min;Classic Movies, Dramas
Movie;Open Season 2;United States, Canada;2008;PG;76 min;Children & Family Movies, Comedies
Movie;Osmosis Jones;United States;2001;PG;95 min;Action & Adventure, Children & Family Movies, Comedies
Movie;Poseidon;United States;2006;PG-13;98 min;Action & Adventure, Dramas
Movie;Rhyme & Reason;United States;1997;R;89 min;Documentaries, Music & Musicals
Movie;Same Kind of Different as Me;United States;2017;PG-13;120 min;Dramas, Faith & Spirituality
Movie;School of Rock;United States, Germany;2003;PG-13;110 min;Comedies, Music & Musicals
Movie;Snervous Tyler Oakley;United States;2015;PG-13;83 min;Documentaries, LGBTQ Movies
Movie;Tears of the Sun;United States;2003;R;121 min;Action & Adventure, Dramas
Movie;The Blue Lagoon;United States;1980;R;105 min;Dramas, Romantic Movies
Movie;The Golden Child;United States;1986;PG-13;94 min;Action & Adventure, Comedies
Movie;The Guns of Navarone;United Kingdom, United States;1961;TV-14;156 min;Action & Adventure, Classic Movies
Movie;The Interview;United States;2014;R;112 min;Action & Adventure, Comedies
Movie;The Nutty Professor;United States;1996;PG-13;95 min;Comedies, Romantic Movies
Movie;The Nutty Professor II: The Klumps;;2000;PG-13;107 min;Comedies, Romantic Movies
TV Show;Turning Point: 9/11 and the War on Terror;;2021;TV-14;1 Season;Docuseries
Movie;Welcome Home Roscoe Jenkins;United States;2008;PG-13;114 min;Comedies
Movie;In the Line of Fire;United States;1993;R;129 min;Action & Adventure, Classic Movies
TV Show;Sparking Joy;United States;2021;TV-PG;1 Season;Reality TV
Movie;Untold: Crime & Penalties;;2021;TV-MA;86 min;Documentaries, Sports Movies
TV Show;Hometown Cha-Cha-Cha;;2021;TV-14;1 Season;International TV Shows, Romantic TV Shows, TV Comedies
TV Show;The Ingenuity of the Househusband;;2021;TV-G;1 Season;International TV Shows, TV Comedies
Movie;2 Alone in Paris;France;2008;TV-MA;97 min;Comedies, International Movies
TV Show;Bread Barbershop;;2020;TV-Y;2 Seasons;Kids' TV, TV Comedies
Movie;Thimmarusu;India;2021;TV-14;125 min;Dramas, International Movies
Movie;Wind River;United Kingdom, Canada, United States;2017;R;107 min;Dramas, Independent Movies
Movie;C Kkompany;India;2008;TV-14;127 min;Action & Adventure, Comedies, International Movies
TV Show;D.P.;, South Korea;2021;TV-MA;1 Season;International TV Shows, TV Dramas
TV Show;Deadly Sins;;2002;TV-MA;1 Season;International TV Shows, Spanish-Language TV Shows, TV Dramas
Movie;EMI: Liya Hai To Chukana Padega;India;2008;TV-14;128 min;Comedies, Dramas, International Movies
Movie;He's All That;;2021;TV-14;92 min;Comedies, Romantic Movies
TV Show;I Heart Arlo;;2021;TV-Y7;1 Season;Kids' TV, TV Comedies
TV Show;King of Boys: The Return of the King;Nigeria;2021;TV-MA;1 Season;Crime TV Shows, International TV Shows, TV Dramas
Movie;Koi Aap Sa;India;2006;TV-14;135 min;Comedies, Dramas, International Movies
Movie;Krishna Cottage;India;2004;TV-14;124 min;Action & Adventure, Horror Movies, International Movies
Movie;Kucch To Hai;India;2003;TV-14;136 min;Dramas, International Movies, Thrillers
Movie;Kyaa Kool Hai Hum;India;2005;TV-MA;165 min;Comedies, International Movies, Music & Musicals
Movie;Kyaa Kool Hain Hum 3;India;2016;TV-MA;124 min;Comedies, International Movies
Movie;Kyaa Super Kool Hain Hum;India;2012;TV-MA;136 min;Comedies, International Movies
Movie;Kyo Kii... Main Jhuth Nahin Bolta;India;2001;TV-14;150 min;Comedies, International Movies, Sci-Fi & Fantasy
Movie;LSD: Love, Sex Aur Dhokha;India;2010;TV-MA;112 min;Dramas, Independent Movies, International Movies
Movie;Mission Istaanbul: Darr Ke Aagey Jeet Hai;India;2008;TV-14;119 min;Action & Adventure, International Movies, Music & Musicals
Movie;Once Upon a Time in Mumbaai;India;2010;TV-14;133 min;Dramas, International Movies, Music & Musicals
Movie;Once Upon a Time in Mumbai Dobaara!;India;2013;TV-14;142 min;Dramas, International Movies, Music & Musicals
Movie;Ragini MMS;India;2011;TV-MA;93 min;Horror Movies, International Movies
Movie;Ragini MMS 2;India;2014;TV-MA;113 min;Horror Movies, International Movies
TV Show;Rebellion;Ireland;2016;TV-MA;2 Seasons;International TV Shows, TV Dramas
TV Show;RIDE ON TIME;;2021;TV-PG;3 Seasons;Docuseries, International TV Shows
Movie;SAS: Rise of the Black Swan;;2021;R;124 min;Action & Adventure, International Movies
Movie;Shootout at Lokhandwala;India;2007;TV-MA;116 min;Action & Adventure, Dramas, International Movies
Movie;Shor In the City;India;2011;TV-14;106 min;Comedies, Dramas, Independent Movies
Movie;The Dirty Picture;India;2011;TV-14;145 min;Comedies, Dramas, International Movies
TV Show;Titletown High;;2021;TV-14;1 Season;Reality TV, Teen TV Shows
TV Show;EDENS ZERO;Japan;2021;TV-14;1 Season;Anime Series, International TV Shows
TV Show;Family Reunion;United States;2021;TV-PG;4 Seasons;Kids' TV, TV Comedies
Movie;Bob Ross: Happy Accidents, Betrayal & Greed;;2021;TV-14;93 min;Documentaries
TV Show;Clickbait;;2021;TV-MA;1 Season;Crime TV Shows, TV Dramas, TV Mysteries
TV Show;John of God: The Crimes of a Spiritual Healer;;2021;TV-MA;1 Season;Crime TV Shows, Docuseries, International TV Shows
TV Show;Motel Makeover;;2021;TV-14;1 Season;International TV Shows, Reality TV
TV Show;Open Your Eyes;;2021;TV-MA;1 Season;International TV Shows, TV Dramas, TV Mysteries
TV Show;Post Mortem: No One Dies in Skarnes;;2021;TV-MA;1 Season;International TV Shows, TV Comedies, TV Dramas
Movie;Really Love;United States;2020;TV-MA;95 min;Dramas, Independent Movies, Romantic Movies
Movie;The November Man;United States, United Kingdom;2014;R;108 min;Action & Adventure
Movie;The Old Ways;United States;2020;TV-MA;90 min;Horror Movies
Movie;The River Runner;;2021;TV-MA;86 min;Documentaries, Sports Movies
Movie;The Water Man;United States;2021;PG;92 min;Children & Family Movies, Dramas
TV Show;Wheel of Fortune;United States;2019;TV-G;3 Seasons;Reality TV
Movie;Count Me In;United Kingdom;2021;TV-MA;82 min;Documentaries, Music & Musicals
TV Show;Oggy Oggy;;2021;TV-Y;1 Season;Kids' TV, TV Comedies
Movie;Untold: Caitlyn Jenner;;2021;TV-PG;70 min;Documentaries, LGBTQ Movies, Sports Movies
Movie;Boomika;;2021;TV-14;122 min;Horror Movies, International Movies, Thrillers
Movie;Boomika (Hindi);;2021;TV-14;122 min;Horror Movies, International Movies, Thrillers
Movie;Boomika (Malayalam);;2021;TV-14;122 min;Horror Movies, International Movies, Thrillers
Movie;Boomika (Telugu);;2021;TV-14;122 min;Horror Movies, International Movies, Thrillers
Movie;The Witcher: Nightmare of the Wolf;;2021;TV-MA;84 min;Action & Adventure, Anime Features
TV Show;Manifest;United States;2021;TV-14;3 Seasons;TV Dramas, TV Mysteries, TV Sci-Fi & Fantasy
TV Show;Comedy Premium League;;2021;TV-MA;1 Season;International TV Shows, TV Comedies
TV Show;Everything Will Be Fine;;2021;TV-MA;1 Season;International TV Shows, Spanish-Language TV Shows, TV Comedies
Movie;Gunshot;;2018;TV-14;96 min;Dramas, International Movies, Thrillers
TV Show;Korean Cold Noodle Rhapsody;;2021;TV-PG;1 Season;Docuseries, International TV Shows
Movie;Man in Love;;2021;TV-MA;115 min;Dramas, International Movies, Romantic Movies
Movie;Sweet Girl;United States;2021;R;110 min;Action & Adventure, Dramas
TV Show;The Chair;;2021;TV-MA;1 Season;TV Comedies, TV Dramas
Movie;The Loud House Movie;;2021;TV-Y7;88 min;Children & Family Movies, Comedies, Music & Musicals
Movie;A Faraway Land;;2020;TV-PG;102 min;Dramas, International Movies, Romantic Movies
Movie;Like Crazy;United States;2011;PG-13;91 min;Dramas, Independent Movies, Romantic Movies
Movie;Black Island;;2021;TV-MA;105 min;International Movies, Thrillers
Movie;Bombay;India;1995;TV-14;135 min;Dramas, International Movies, Romantic Movies
TV Show;Go! Go! Cory Carson;United States;2021;TV-Y;5 Seasons;Kids' TV
Movie;Memories of a Murderer: The Nilsen Tapes;;2021;TV-MA;86 min;Documentaries, International Movies
Movie;Nneka The Pretty Serpent;;2020;TV-14;140 min;Dramas, International Movies
Movie;O Kadhal Kanmani;;2015;TV-14;133 min;Dramas, International Movies, Romantic Movies
Movie;Out of my league;;2020;TV-MA;92 min;Comedies, Dramas, International Movies
Movie;Pahuna;India, Nepal;2018;TV-PG;82 min;Comedies, Dramas, International Movies
TV Show;The Defeated;;2020;TV-MA;1 Season;Crime TV Shows, International TV Shows, TV Dramas
Movie;The Secret Diary of an Exchange Student;;2021;TV-14;97 min;Comedies, International Movies, Romantic Movies
Movie;Untold: Deal With the Devil;;2021;TV-MA;78 min;Documentaries, LGBTQ Movies, Sports Movies
TV Show;Mother Goose Club;United States;2016;TV-Y;2 Seasons;Kids' TV
Movie;Walk of Shame;United States;2014;R;94 min;Comedies, Independent Movies
TV Show;Rascal Does Not Dream of Bunny Girl Senpai;Japan;2018;TV-14;1 Season;Anime Series, International TV Shows, Romantic TV Shows
TV Show;The Creative Indians;India;2020;TV-MA;1 Season;Docuseries, International TV Shows
Movie;The Piano;New Zealand, Australia, France, United States;1993;R;121 min;Classic Movies, Dramas, Independent Movies
Movie;Unroyal;;2020;TV-MA;97 min;Dramas, International Movies
TV Show;Winx Club;Italy;2015;TV-Y7;2 Seasons;Kids' TV
Movie;Beckett;Italy, Brazil, Greece;2021;TV-MA;110 min;Action & Adventure
TV Show;Brand New Cherry Flavor;United States;2021;TV-MA;1 Season;TV Dramas, TV Horror, TV Mysteries
TV Show;Fast & Furious Spy Racers;United States;2021;TV-Y7;5 Seasons;Kids' TV
TV Show;Gone for Good;France;2021;TV-MA;1 Season;Crime TV Shows, International TV Shows, TV Dramas
TV Show;Grace and Frankie;United States;2021;TV-MA;7 Seasons;TV Comedies, TV Dramas
TV Show;The Kingdom;Argentina;2021;TV-MA;1 Season;Crime TV Shows, International TV Shows, Spanish-Language TV Shows
TV Show;Valeria;Spain;2021;TV-MA;2 Seasons;International TV Shows, Romantic TV Shows, Spanish-Language TV Shows
TV Show;AlRawabi School for Girls;Jordan;2021;TV-14;1 Season;International TV Shows, TV Dramas, Teen TV Shows
Movie;Lokillo: Nothing's the Same;Colombia;2021;TV-MA;64 min;Stand-Up Comedy
Movie;Monster Hunter: Legends of the Guild;United States, Japan;2021;TV-PG;59 min;Action & Adventure, Anime Features, Children & Family Movies
TV Show;Bake Squad;United States;2021;TV-PG;1 Season;Reality TV
Movie;Brother Jekwu;Nigeria;2016;TV-14;101 min;Comedies, International Movies
Movie;La diosa del asfalto;Mexico;2020;TV-MA;127 min;Dramas, Independent Movies, International Movies
Movie;Misha and the Wolves;Belgium, United Kingdom;2021;PG-13;90 min;Documentaries, International Movies
Movie;The Kissing Booth 3;United Kingdom, United States;2021;TV-14;114 min;Comedies, Romantic Movies
Movie;The Railway Man;Switzerland, United Kingdom, Australia;2013;R;108 min;Dramas, International Movies
TV Show;Gabby's Dollhouse;United States;2021;TV-Y;2 Seasons;Kids' TV
TV Show;I Need Romance;;2021;TV-14;1 Season;International TV Shows, Romantic TV Shows, TV Comedies
TV Show;Las muñecas de la mafia;Colombia;2018;TV-MA;1 Season;Crime TV Shows, International TV Shows, Spanish-Language TV Shows
TV Show;The Crowned Clown;South Korea;2019;TV-14;1 Season;International TV Shows, Romantic TV Shows, TV Dramas
Movie;Untold: Malice at the Palace;United States;2021;TV-MA;70 min;Documentaries, Sports Movies
TV Show;SHAMAN KING;Japan;2021;TV-14;1 Season;Anime Series, International TV Shows
Movie;Quartet;United Kingdom;2012;PG-13;98 min;Comedies, Dramas, Independent Movies
Movie;Slay;South Africa;2021;TV-MA;86 min;Comedies, International Movies, Romantic Movies
Movie;Takizawa Kabuki ZERO 2020 The Movie;;2020;TV-PG;139 min;International Movies, Music & Musicals
Movie;The Paper Tigers;United States;2021;PG-13;111 min;Action & Adventure, Comedies
TV Show;Hit & Run;Israel, United States;2021;TV-MA;1 Season;TV Action & Adventure, TV Dramas, TV Mysteries
TV Show;Navarasa;India;2021;TV-MA;1 Season;TV Shows
Movie;Quam's Money;Nigeria;2020;TV-MA;115 min;Comedies, Dramas, International Movies
Movie;The Swarm;France;2021;TV-14;102 min;Horror Movies, Independent Movies, International Movies
Movie;Vivo;Canada, United States;2021;PG;100 min;Children & Family Movies, Music & Musicals
Movie;Chennai Express;India;2013;TV-14;135 min;Action & Adventure, Comedies, International Movies
Movie;City of God: 10 Years Later;Brazil;2013;TV-MA;69 min;Documentaries, International Movies
Movie;Esperando la carroza;Argentina;1985;TV-MA;95 min;Comedies, Cult Movies, International Movies
Movie;Lady Boss: The Jackie Collins Story;United Kingdom;2021;TV-14;97 min;Documentaries
Movie;Tango Feroz;Argentina, Spain;1993;TV-MA;124 min;Classic Movies, Dramas, International Movies
Movie;'76;Nigeria;2016;TV-PG;118 min;Dramas, International Movies
Movie;Aftermath;United States;2021;TV-MA;115 min;Horror Movies
Movie;American Masters: Inventing David Geffen;United States;2012;TV-MA;115 min;Movies
TV Show;Car Masters: Rust to Riches;;2021;TV-PG;3 Seasons;Reality TV
TV Show;Cocaine Cowboys: The Kings of Miami;United States;2021;TV-MA;1 Season;Crime TV Shows, Docuseries
TV Show;Control Z;Mexico;2021;TV-MA;2 Seasons;International TV Shows, Spanish-Language TV Shows, TV Dramas
TV Show;Cooking With Paris;United States;2021;TV-MA;1 Season;Reality TV
TV Show;Autumn's Concerto;Taiwan;2009;TV-14;1 Season;International TV Shows, Romantic TV Shows, TV Dramas
Movie;Heavy;United States;1995;R;104 min;Dramas, Independent Movies, Romantic Movies
Movie;Ije: The Journey;United States, Nigeria;2010;TV-MA;106 min;Dramas, International Movies
TV Show;Office Girls;Taiwan;2011;TV-14;1 Season;International TV Shows, Romantic TV Shows, TV Comedies
Movie;Pray Away;United States;2021;PG-13;102 min;Documentaries, LGBTQ Movies
Movie;Shiny_Flakes: The Teenage Drug Lord;;2021;TV-MA;97 min;Documentaries, International Movies
TV Show;The Prince Who Turns into a Frog;Taiwan;2005;TV-14;1 Season;International TV Shows, Romantic TV Shows, TV Comedies
TV Show;Top Secret UFO Projects: Declassified;;2021;TV-PG;1 Season;Docuseries
TV Show;Two Fathers;Taiwan;2013;TV-14;1 Season;International TV Shows, Romantic TV Shows, TV Comedies
TV Show;You're My Destiny;Taiwan;2008;TV-MA;1 Season;International TV Shows, Romantic TV Shows, TV Comedies
TV Show;30 Rock;United States;2012;TV-14;7 Seasons;TV Comedies
TV Show;44 Cats;Italy;2020;TV-Y7;3 Seasons;Kids' TV
Movie;Beethoven;United States;1992;PG;87 min;Children & Family Movies, Comedies
Movie;Beethoven's 2nd;United States;1993;PG;88 min;Children & Family Movies, Comedies
Movie;Beowulf;United States, United Kingdom;2007;PG-13;114 min;Action & Adventure, Sci-Fi & Fantasy
Movie;Boyka: Undisputed;Bulgaria, United States;2016;R;90 min;Action & Adventure
Movie;Catch Me If You Can;United States, Canada;2002;PG-13;142 min;Dramas
Movie;Cloudy with a Chance of Meatballs;United States, Canada;2009;PG;90 min;Children & Family Movies, Comedies, Sci-Fi & Fantasy
TV Show;Darwin’s Game;;2020;TV-MA;1 Season;Anime Series, International TV Shows, TV Thrillers
Movie;Deep Blue Sea;United States, Mexico;1999;R;105 min;Action & Adventure, Horror Movies, Sci-Fi & Fantasy
Movie;Ferris Bueller's Day Off;United States;1986;PG-13;103 min;Classic Movies, Comedies, Cult Movies
Movie;Five Feet Apart;United States;2019;PG-13;116 min;Dramas, Romantic Movies
Movie;Freedomland;United States;2006;R;113 min;Dramas, Thrillers
TV Show;Friday Night Lights;;2010;TV-14;5 Seasons;TV Dramas, Teen TV Shows
Movie;Good Luck Chuck;United States, Canada;2007;R;99 min;Comedies, Romantic Movies
TV Show;Hunter X Hunter (2011);Japan;2014;TV-14;6 Seasons;Anime Series, International TV Shows
Movie;I missed you: Director's Cut;;2021;TV-14;96 min;Dramas, Independent Movies, International Movies
Movie;Inception;United States, United Kingdom;2010;PG-13;148 min;Action & Adventure, Sci-Fi & Fantasy, Thrillers
Movie;Magnolia;United States;1999;R;189 min;Dramas, Independent Movies
Movie;Major Payne;United States;1995;PG-13;97 min;Comedies
Movie;My Girl;United States;1991;PG-13;102 min;Dramas
Movie;My Girl 2;United States;1994;PG;99 min;Children & Family Movies, Comedies, Dramas
Movie;Open Season: Scared Silly;United States, Canada;2015;PG;85 min;Children & Family Movies, Comedies
Movie;Pineapple Express;United States;2008;R;112 min;Action & Adventure, Comedies
Movie;Planet 51;Spain, United Kingdom, United States;2009;PG;91 min;Children & Family Movies, Comedies, Sci-Fi & Fantasy
Movie;Poms;United Kingdom, United States;2019;PG-13;91 min;Comedies
Movie;Seabiscuit;United States;2003;PG-13;141 min;Dramas, Sports Movies
Movie;Space Cowboys;United States;2000;PG-13;130 min;Action & Adventure, Dramas, Sci-Fi & Fantasy
Movie;Team America: World Police;United States, Germany;2004;R;98 min;Action & Adventure, Comedies, Cult Movies
Movie;The Edge of Seventeen;United States, China;2016;R;105 min;Comedies, Dramas
Movie;The Haunting in Connecticut 2: Ghosts of Georgia;United States;2013;R;101 min;Horror Movies
Movie;The Last Boy Scout;United States;1991;R;105 min;Action & Adventure, Comedies
Movie;The Lincoln Lawyer;United States;2011;R;118 min;Dramas, Thrillers
Movie;The Losers;United States, France;2010;PG-13;97 min;Action & Adventure
Movie;The Machinist;Spain, France, United Kingdom, United States;2004;R;102 min;Dramas, Independent Movies, Thrillers
Movie;The Net;United States;1995;PG-13;114 min;Thrillers
Movie;The Original Kings of Comedy;United States;2000;R;111 min;Stand-Up Comedy
Movie;Valentine's Day;United States;2010;PG-13;125 min;Comedies, Romantic Movies
TV Show;Charmed;United States;2021;TV-14;3 Seasons;TV Dramas, TV Sci-Fi & Fantasy
Movie;The Lost Café;;2018;TV-14;76 min;Dramas, International Movies
Movie;The Vault;;2021;R;118 min;Action & Adventure, International Movies, Thrillers
TV Show;Centaurworld;;2021;TV-Y7;1 Season;Kids' TV, TV Comedies
Movie;Eyes of a Thief;, France, Algeria;2014;TV-14;103 min;Dramas, Independent Movies, International Movies
TV Show;Glow Up;United Kingdom;2021;TV-14;3 Seasons;British TV Shows, International TV Shows, Reality TV
Movie;I'm Glad I Did;;2020;TV-14;114 min;Documentaries, International Movies
TV Show;Khawatir;;2009;TV-14;1 Season;International TV Shows, Reality TV
TV Show;Myth & Mogul: John DeLorean;;2021;TV-14;1 Season;British TV Shows, Crime TV Shows, Docuseries
TV Show;Outer Banks;United States;2021;TV-MA;2 Seasons;TV Action & Adventure, TV Dramas, Teen TV Shows
Movie;Pomegranates and Myrrh;;2009;TV-14;95 min;Dramas, Independent Movies, International Movies
Movie;Rurouni Kenshin: The Beginning;;2021;TV-MA;138 min;Action & Adventure, International Movies
Movie;The Last Mercenary;;2021;TV-MA;112 min;Action & Adventure, Comedies, International Movies
Movie;Flower Girl;Nigeria;2013;TV-PG;94 min;Comedies, International Movies, Romantic Movies
Movie;Resort to Love;;2021;TV-14;102 min;Comedies, Romantic Movies
TV Show;Transformers: War for Cybertron: Kingdom;;2021;TV-Y7;1 Season;Anime Series
Movie;Bartkowiak;Poland;2021;TV-MA;92 min;Action & Adventure, International Movies
Movie;Fantastic Fungi;United States;2019;TV-14;81 min;Documentaries
TV Show;Tattoo Redo;;2021;TV-MA;1 Season;Reality TV
TV Show;The Flash;United States;2021;TV-14;7 Seasons;Crime TV Shows, TV Action & Adventure, TV Sci-Fi & Fantasy
TV Show;The Snitch Cartel: Origins;;2021;TV-MA;1 Season;Crime TV Shows, International TV Shows, Spanish-Language TV Shows
TV Show;All American;United States;2021;TV-14;3 Seasons;TV Dramas, Teen TV Shows
Movie;Department;India;2012;TV-MA;143 min;Action & Adventure, International Movies
Movie;Hostage House;;2021;TV-14;86 min;Thrillers
TV Show;How to Sell Drugs Online (Fast);Germany;2021;TV-MA;3 Seasons;Crime TV Shows, International TV Shows, TV Comedies
TV Show;Mighty Express;United States, Canada;2021;TV-Y;4 Seasons;Kids' TV
Movie;Mimi;;2021;TV-14;132 min;Comedies, Dramas, International Movies
TV Show;Plastic Cup Boyz: Laughing My Mask Off!;;2021;TV-MA;1 Season;Stand-Up Comedy & Talk Shows, TV Comedies
Movie;The Operative;France, Israel, Germany, United States, United Kingdom;2019;TV-MA;117 min;Dramas, International Movies, Thrillers
TV Show;The Walking Dead;United States;2019;TV-MA;10 Seasons;Classic & Cult TV, TV Action & Adventure, TV Dramas
TV Show;Wynonna Earp;Canada, United States;2020;TV-MA;4 Seasons;International TV Shows, TV Action & Adventure, TV Dramas
Movie;Django Unchained;United States;2012;R;165 min;Action & Adventure, Dramas
Movie;A Second Chance:  Rivals!;Australia;2021;PG;91 min;Children & Family Movies, Sports Movies
Movie;African America;;2021;TV-MA;97 min;Dramas, Independent Movies, International Movies
Movie;Bankrolled;;2021;TV-MA;97 min;Comedies, International Movies
Movie;Blood Red Sky;;2021;TV-MA;123 min;Action & Adventure, Horror Movies, International Movies
TV Show;Feels Like Ishq;;2021;TV-MA;1 Season;International TV Shows, Romantic TV Shows, TV Comedies
Movie;Kingdom: Ashin of the North;;2021;TV-MA;94 min;Horror Movies, International Movies, Thrillers
TV Show;Masters of the Universe: Revelation;;2021;TV-PG;1 Season;TV Action & Adventure, TV Sci-Fi & Fantasy
TV Show;Revelations: The Masters of the Universe: Revelation Aftershow;;2021;TV-PG;1 Season;Anime Series, Stand-Up Comedy & Talk Shows
TV Show;Sky Rojo;Spain;2021;TV-MA;2 Seasons;International TV Shows, Spanish-Language TV Shows, TV Action & Adventure
Movie;The Last Letter From Your Lover;United Kingdom;2021;TV-MA;111 min;Dramas, Romantic Movies
TV Show;The Movies That Made Us;United States;2021;TV-MA;2 Seasons;Docuseries
Movie;9to5: The Story of a Movement;;2021;TV-MA;85 min;Documentaries
Movie;Chhota Bheem - Dinosaur World;;2015;TV-Y;65 min;Children & Family Movies
Movie;Chhota Bheem - Neeli Pahaadi;;2013;TV-Y7;64 min;Children & Family Movies
Movie;Chhota Bheem & Ganesh;;2009;TV-Y7;68 min;Children & Family Movies
Movie;Chhota Bheem & Krishna: Mayanagari;;2011;TV-Y7;67 min;Children & Family Movies
Movie;Chhota Bheem & Krishna: Pataliputra- City of the Dead;;2010;TV-Y7;66 min;Children & Family Movies
Movie;Chhota Bheem And The Broken Amulet;India;2013;TV-Y7;64 min;Children & Family Movies
Movie;Chhota Bheem And The Crown of Valhalla;;2013;TV-Y7;64 min;Children & Family Movies
Movie;Chhota Bheem and the Incan Adventure;;2013;TV-Y7;65 min;Children & Family Movies
Movie;Chhota Bheem and The ShiNobi Secret;;2013;TV-Y7;64 min;Children & Family Movies
Movie;Chhota Bheem Aur Hanuman;;2012;TV-Y7;68 min;Children & Family Movies
Movie;Chhota Bheem aur Krishna;India;2009;TV-Y7;68 min;Children & Family Movies
Movie;Chhota Bheem aur Krishna vs Zimbara;;2013;TV-Y7;64 min;Children & Family Movies
Movie;Chhota Bheem in African Safari;;2015;TV-Y7;62 min;Children & Family Movies
Movie;Chhota Bheem Ka Roosi Romanch;;2019;TV-Y;63 min;Children & Family Movies
Movie;Chhota Bheem: Bheem vs Aliens;;2010;TV-Y7;69 min;Children & Family Movies, Sports Movies
Movie;Chhota Bheem: Dholakpur to Kathmandu;;2012;TV-Y7;70 min;Children & Family Movies
Movie;Chhota Bheem: Dus Pe Dus;;2014;TV-Y7;63 min;Children & Family Movies
Movie;Chhota Bheem: Journey to Petra;;2011;TV-Y7;68 min;Children & Family Movies
Movie;Chhota Bheem: Master of Shaolin;;2011;TV-Y7;74 min;Children & Family Movies
Movie;Chhota Bheem: The Rise of Kirmada;;2012;TV-Y7;68 min;Children & Family Movies
TV Show;Chicago Med;United States;2019;TV-14;5 Seasons;TV Dramas
Movie;Cousins;New Zealand;2021;TV-MA;99 min;Dramas
Movie;Wannabe Courageous;;2019;TV-14;90 min;Comedies, International Movies
Movie;Words Bubble Up Like Soda Pop;;2021;TV-G;87 min;Anime Features, Children & Family Movies, International Movies
Movie;Sanitation Day;Nigeria;2020;TV-14;105 min;Dramas, International Movies, Thrillers
TV Show;Sexy Beasts;;2021;TV-14;1 Season;British TV Shows, International TV Shows, Reality TV
TV Show;Too Hot to Handle: Brazil;;2021;TV-MA;1 Season;International TV Shows, Reality TV, Romantic TV Shows
Movie;Trollhunters: Rise of the Titans;;2021;TV-Y7;106 min;Children & Family Movies
Movie;Milkwater;United States;2020;TV-MA;102 min;Comedies, Dramas, Independent Movies
TV Show;Okupas;Argentina;2020;TV-MA;1 Season;Classic & Cult TV, Crime TV Shows, International TV Shows
TV Show;Touch Your Heart;;2019;TV-MA;1 Season;Crime TV Shows, International TV Shows, Romantic TV Shows
Movie;The Tambour of Retribution;Saudi Arabia;2021;TV-14;91 min;Dramas, International Movies, Romantic Movies
Movie;Cosmic Sin;United States;2021;R;88 min;Action & Adventure
Movie;2 Weeks in Lagos;;2020;TV-PG;107 min;Dramas, International Movies, Romantic Movies
Movie;Deep;Thailand;2021;TV-MA;101 min;Dramas, International Movies, Thrillers
TV Show;Explained;United States;2021;TV-MA;3 Seasons;Docuseries, Science & Nature TV
Movie;Fear Street Part 3: 1666;;2021;R;114 min;Horror Movies, LGBTQ Movies
TV Show;Johnny Test;United States, Canada;2021;TV-Y7;1 Season;Kids' TV, TV Comedies
Movie;La ley de Herodes;;1999;R;123 min;Comedies, International Movies
TV Show;Naomi Osaka;;2021;TV-14;1 Season;Docuseries
Movie;The Beguiled;United States;2017;R;94 min;Dramas, Independent Movies, Thrillers
Movie;The Book of Henry;United States;2017;PG-13;105 min;Dramas
Movie;The Twilight Saga: Breaking Dawn: Part 1;United States;2011;PG-13;117 min;Dramas, Romantic Movies
Movie;The Twilight Saga: Breaking Dawn: Part 2;United States;2012;PG-13;115 min;Dramas, Romantic Movies
Movie;The Twilight Saga: Eclipse;United States;2010;PG-13;124 min;Dramas, Romantic Movies
Movie;The Twilight Saga: New Moon;United States;2009;PG-13;131 min;Dramas, Romantic Movies
Movie;Twilight;United States;2008;PG-13;122 min;Action & Adventure, Dramas, Romantic Movies
Movie;A Perfect Fit;Indonesia;2021;TV-PG;113 min;Comedies, Dramas, International Movies
TV Show;BEASTARS;Japan;2021;TV-MA;2 Seasons;Anime Series, International TV Shows
Movie;Cheech & Chong's Still Smokin;;1983;TV-MA;91 min;Comedies, Cult Movies
Movie;Emicida: AmarElo - Live in São Paulo;;2021;TV-MA;100 min;Documentaries, International Movies, Music & Musicals
TV Show;Her Private Life;South Korea;2019;TV-14;1 Season;International TV Shows, Romantic TV Shows, TV Comedies
Movie;Lift Like a Girl;Egypt, Denmark, Germany;2021;TV-PG;93 min;Documentaries, International Movies, Sports Movies
Movie;My Amanda;;2021;TV-14;90 min;Dramas, International Movies, Romantic Movies
TV Show;Never Have I Ever;United States;2021;TV-14;2 Seasons;TV Comedies, TV Dramas, Teen TV Shows
Movie;Surf's Up;United States, Canada;2007;PG;86 min;Children & Family Movies, Comedies, Sports Movies
Movie;The Unknown Saint;;2019;TV-14;100 min;Comedies, Dramas, Independent Movies
Movie;This Changes Everything;United States;2019;TV-MA;96 min;Documentaries
Movie;A Classic Horror Story;Italy;2021;TV-MA;95 min;Horror Movies, International Movies
Movie;Gunpowder Milkshake;;2021;R;115 min;Action & Adventure, Comedies
TV Show;Heist;;2021;TV-MA;1 Season;Crime TV Shows, Docuseries
TV Show;My Unorthodox Life;;2021;TV-MA;1 Season;Reality TV
Movie;Private Network: Who Killed Manuel Buendía?;;2021;TV-MA;100 min;Documentaries, International Movies
Movie;The Guide to the Perfect Family;;2021;TV-MA;102 min;Comedies, Dramas, International Movies
Movie;American Woman;United States, Canada;2019;TV-MA;87 min;Dramas, Independent Movies
Movie;Bridgerton - The Afterparty;;2021;TV-14;39 min;Movies
Movie;Day of Destiny;;2021;TV-PG;110 min;Children & Family Movies, Dramas, International Movies
TV Show;Ridley Jones;United States;2021;TV-Y;1 Season;Kids' TV
Movie;Born to Play;United States;2020;TV-MA;93 min;Documentaries, Sports Movies
Movie;American Ultra;United States, Switzerland;2015;R;96 min;Action & Adventure, Comedies
Movie;The Stand-Up;;2019;TV-MA;93 min;Stand-Up Comedy
Movie;The Tour;;2016;TV-MA;93 min;Comedies, Documentaries, International Movies
TV Show;Atypical;United States;2021;TV-14;4 Seasons;TV Comedies, TV Dramas, Teen TV Shows
TV Show;Biohackers;Germany;2021;TV-MA;2 Seasons;International TV Shows, TV Dramas, TV Sci-Fi & Fantasy
Movie;Fear Street Part 2: 1978;;2021;R;111 min;Horror Movies
Movie;Finding Hubby;;2020;TV-14;105 min;Comedies, Dramas, International Movies
Movie;How I Became a Superhero;;2021;TV-MA;101 min;Action & Adventure, Dramas, International Movies
TV Show;How to Become a Tyrant;;2021;TV-MA;1 Season;Docuseries
Movie;Last Summer;;2021;TV-MA;102 min;Dramas, International Movies, Romantic Movies
Movie;Lee Su-geun: The Sense Coach;;2021;TV-G;46 min;Stand-Up Comedy
Movie;Lethal Love;;2021;TV-14;89 min;Thrillers
Movie;Ratchet and Clank;Hong Kong, Canada, United States;2016;PG;94 min;Children & Family Movies, Comedies, Sci-Fi & Fantasy
TV Show;The Cook of Castamar;;2021;TV-MA;1 Season;International TV Shows, Romantic TV Shows, Spanish-Language TV Shows
TV Show;Virgin River;United States;2021;TV-14;3 Seasons;Romantic TV Shows, TV Dramas
Movie;Back to Q82;Kuwait, United States;2017;TV-14;104 min;Comedies, International Movies
TV Show;Elize Matsunaga: Once Upon a Crime;;2021;TV-MA;1 Season;Crime TV Shows, Docuseries, International TV Shows
Movie;Home Again;United States;2017;PG-13;97 min;Comedies, Dramas, Romantic Movies
Movie;Midnight Sun;United States;2018;PG-13;91 min;Dramas, Romantic Movies
TV Show;RESIDENT EVIL: Infinite Darkness;United States, Japan;2021;TV-MA;1 Season;Anime Series, TV Horror, TV Thrillers
Movie;Rock the Kasbah;United States;2015;R;106 min;Comedies, Music & Musicals
Movie;Awon Boyz;;2019;TV-MA;38 min;Documentaries, International Movies
Movie;Brick Mansions;France, Canada, United States, Spain;2014;PG-13;90 min;Action & Adventure, International Movies
TV Show;Cat People;;2021;TV-14;1 Season;Docuseries
Movie;Clash;;2020;TV-MA;87 min;Dramas, International Movies
TV Show;Dogs;United States;2021;TV-PG;2 Seasons;Docuseries
Movie;Major Grom: Plague Doctor;;2021;TV-MA;138 min;Action & Adventure, International Movies
Movie;Mama Drama;;2020;TV-MA;105 min;Dramas, International Movies
Movie;Tango With Me;Nigeria;2010;TV-14;104 min;Dramas, International Movies, Romantic Movies
TV Show;The Mire;Poland;2021;TV-MA;2 Seasons;Crime TV Shows, International TV Shows, TV Dramas
TV Show;The War Next-door;;2021;TV-MA;1 Season;International TV Shows, Spanish-Language TV Shows, TV Comedies
Movie;Therapy;;2020;TV-PG;85 min;Dramas, International Movies
Movie;This Little Love Of Mine;Australia;2021;TV-G;92 min;International Movies, Romantic Movies
Movie;Three Thieves;;2019;TV-14;108 min;Comedies, International Movies
Movie;A Land Imagined;France, Netherlands, Singapore;2019;TV-MA;95 min;Dramas, International Movies
TV Show;Ask the StoryBots;United States;2019;TV-Y;3 Seasons;Kids' TV
TV Show;Between;Canada;2016;TV-14;2 Seasons;International TV Shows, TV Dramas, TV Mysteries
TV Show;Chelsea;United States;2017;TV-MA;2 Seasons;Stand-Up Comedy & Talk Shows, TV Comedies
TV Show;Code Lyoko;France, Belgium;2007;TV-Y7;4 Seasons;Kids' TV
TV Show;Colony;United States;2018;TV-14;3 Seasons;TV Action & Adventure, TV Dramas, TV Sci-Fi & Fantasy
TV Show;Cuckoo;United Kingdom;2019;TV-MA;5 Seasons;British TV Shows, International TV Shows, TV Comedies
TV Show;Derry Girls;United Kingdom;2019;TV-MA;2 Seasons;British TV Shows, International TV Shows, TV Comedies
TV Show;Girl from Nowhere;Thailand;2021;TV-MA;2 Seasons;International TV Shows, TV Dramas, TV Mysteries
TV Show;Good Morning Call;Japan;2017;TV-14;2 Seasons;International TV Shows, Romantic TV Shows, TV Comedies
Movie;Har Kisse Ke Hisse: Kaamyaab;India;2020;TV-14;105 min;Dramas, International Movies
TV Show;I AM A KILLER;United Kingdom;2020;TV-MA;2 Seasons;British TV Shows, Crime TV Shows, Docuseries
TV Show;I Think You Should Leave with Tim Robinson;United States;2021;TV-MA;2 Seasons;TV Comedies
TV Show;Kim's Convenience;Canada;2021;TV-MA;5 Seasons;International TV Shows, TV Comedies
TV Show;Larva;Russia;2015;TV-Y7;3 Seasons;Kids' TV, Korean TV Shows, TV Comedies
TV Show;Marcella;United Kingdom;2019;TV-MA;3 Seasons;British TV Shows, Crime TV Shows, International TV Shows
TV Show;Midnight Diner: Tokyo Stories;Japan;2019;TV-MA;2 Seasons;International TV Shows, TV Dramas
TV Show;My Little Pony: Friendship Is Magic;United States, Canada;2018;TV-Y;8 Seasons;Kids' TV
TV Show;Orange Is the New Black;United States;2019;TV-MA;7 Seasons;TV Comedies, TV Dramas
TV Show;Puffin Rock;Ireland, United States, United Kingdom;2016;TV-Y;2 Seasons;Kids' TV
Movie;Rehmataan;India;2012;TV-14;116 min;Dramas, International Movies, Romantic Movies
Movie;Return of the Prodigal Son;Egypt;1976;TV-MA;124 min;Dramas, International Movies
TV Show;Richie Rich;United States;2015;TV-G;2 Seasons;Kids' TV, TV Comedies
Movie;Rise: Ini Kalilah;Malaysia;2018;TV-PG;101 min;Dramas, International Movies
TV Show;Scream;United States;2019;TV-MA;3 Seasons;Crime TV Shows, TV Horror, TV Mysteries
TV Show;Shtisel;Israel;2021;TV-14;3 Seasons;International TV Shows, TV Dramas
Movie;Si Doel the Movie 2;Indonesia;2019;TV-G;95 min;Dramas, International Movies
TV Show;Some Assembly Required;Canada;2015;TV-Y;2 Seasons;Kids' TV, TV Comedies
TV Show;Tales by Light;Australia;2018;TV-14;3 Seasons;Docuseries, International TV Shows, Science & Nature TV
TV Show;Terrace House: Opening New Doors;Japan;2018;TV-14;6 Seasons;International TV Shows, Reality TV
TV Show;The A List;United Kingdom;2021;TV-PG;2 Seasons;British TV Shows, International TV Shows, TV Dramas
TV Show;The New Legends of Monkey;Australia, New Zealand;2020;TV-PG;2 Seasons;Kids' TV, TV Action & Adventure, TV Sci-Fi & Fantasy
TV Show;The Worst Witch;United Kingdom, Germany;2020;TV-G;4 Seasons;British TV Shows, Kids' TV
Movie;Truckbhar Swapna;India;2018;TV-14;128 min;Comedies, Dramas, International Movies
Movie;Ujala;India;1959;TV-14;143 min;Dramas, International Movies
TV Show;Undercover;Belgium, Netherlands;2020;TV-MA;2 Seasons;Crime TV Shows, International TV Shows, TV Action & Adventure
TV Show;Workin' Moms;Canada;2021;TV-MA;5 Seasons;International TV Shows, TV Comedies
TV Show;YooHoo to the Rescue;South Korea;2020;TV-Y;3 Seasons;Kids' TV, Korean TV Shows
TV Show;You Are My Spring;;2021;TV-14;1 Season;International TV Shows, Romantic TV Shows, TV Dramas
TV Show;We the People;United States;2021;TV-Y7;1 Season;Kids' TV
TV Show;Grey's Anatomy;United States;2020;TV-14;17 Seasons;Romantic TV Shows, TV Dramas
TV Show;Big Timber;;2020;TV-14;1 Season;International TV Shows, Reality TV
Movie;Fear Street Part 1: 1994;;2021;R;107 min;Horror Movies, LGBTQ Movies
Movie;Haseen Dillruba;India;2021;TV-MA;136 min;International Movies, Romantic Movies, Thrillers
Movie;Holiday on Mars;;2020;TV-MA;94 min;Comedies, International Movies
TV Show;Mortel;France;2019;TV-MA;2 Seasons;Crime TV Shows, International TV Shows, TV Dramas
Movie;RattleSnake - The Ahanna Story;Nigeria;2020;TV-MA;136 min;Dramas, International Movies, Thrillers
Movie;Snowpiercer;South Korea, Czech Republic;2013;R;126 min;Action & Adventure, Cult Movies, International Movies
Movie;The 8th Night;South Korea;2021;TV-14;116 min;Horror Movies, International Movies, Thrillers
Movie;Winchester;Australia, United States;2018;PG-13;100 min;Horror Movies, Sci-Fi & Fantasy
Movie;6 Bullets;United States;2012;R;115 min;Action & Adventure
Movie;Air Force One;United States, Germany;1997;R;125 min;Action & Adventure
Movie;Audible;;2021;PG-13;39 min;Documentaries, Sports Movies
Movie;Austin Powers in Goldmember;United States;2002;PG-13;94 min;Action & Adventure, Comedies
Movie;Austin Powers: International Man of Mystery;United States;1997;PG-13;90 min;Comedies
Movie;Austin Powers: The Spy Who Shagged Me;United States;1999;PG-13;95 min;Action & Adventure, Comedies, Sci-Fi & Fantasy
Movie;Boogie Nights;United States;1997;R;155 min;Comedies, Dramas, Independent Movies
TV Show;Bureau of Magical Things;Australia, Germany;2020;TV-G;1 Season;International TV Shows, Kids' TV, TV Mysteries
Movie;Charlie's Angels;United States, Germany;2000;PG-13;98 min;Action & Adventure, Comedies
Movie;Congo;United States;1995;PG-13;108 min;Action & Adventure, Thrillers
Movie;Dennis the Menace;United States;1993;PG;96 min;Children & Family Movies, Comedies
Movie;Dreamy Eyes;Vietnam;2019;TV-14;117 min;Dramas, International Movies, Romantic Movies
Movie;Dynasty Warriors;;2021;TV-14;118 min;Action & Adventure, International Movies
TV Show;Generation 56k;;2021;TV-MA;1 Season;International TV Shows, Romantic TV Shows, TV Comedies
Movie;Hampstead;United Kingdom, Belgium;2019;PG-13;103 min;Comedies, Dramas, International Movies
Movie;Kung Fu Panda;United States, China;2008;PG;94 min;Children & Family Movies, Comedies
Movie;Kung Fu Panda 2;United States, China;2011;PG;93 min;Children & Family Movies, Comedies
Movie;Life as We Know It;United States;2010;PG-13;115 min;Comedies, Dramas, Romantic Movies
Movie;Mary Magdalene;United Kingdom, Australia, United States;2019;R;120 min;Dramas, Faith & Spirituality, International Movies
TV Show;Masameer County;;2021;TV-MA;1 Season;International TV Shows, TV Comedies
Movie;Memoirs of a Geisha;France, Japan, United States;2005;PG-13;145 min;Dramas, Romantic Movies
Movie;Midnight Run;United States;1988;R;126 min;Action & Adventure, Classic Movies, Comedies
Movie;Mobile Suit Gundam Hathaway;;2021;TV-14;96 min;Action & Adventure, Anime Features, International Movies
Movie;Mortal Kombat;United States;1995;PG-13;101 min;Action & Adventure, Sci-Fi & Fantasy
Movie;Mother's Day;United States;2016;PG-13;118 min;Comedies, Dramas
Movie;No Strings Attached;United States, United Kingdom;2011;R;109 min;Comedies, Romantic Movies
Movie;Not Another Teen Movie;United States;2001;R;89 min;Comedies
Movie;Ophelia;United Kingdom, United States;2018;PG-13;106 min;Dramas, Romantic Movies
Movie;Pet Sematary 2;;1992;R;101 min;Horror Movies
TV Show;Quarantine Tales;;2020;TV-MA;1 Season;International TV Shows, TV Comedies, TV Dramas
TV Show;Rainbow Rangers;United States;2018;TV-Y;1 Season;Kids' TV
Movie;Red Joan;United Kingdom;2019;R;101 min;Dramas, International Movies
TV Show;Sailor Moon Crystal;;2016;TV-Y7;3 Seasons;Anime Series, Kids' TV
Movie;Seven Pounds;United States;2008;PG-13;123 min;Dramas, Romantic Movies
Movie;She's Out of My League;United States;2010;R;106 min;Comedies, Romantic Movies
Movie;Snow Day;United States;2000;PG;89 min;Children & Family Movies, Comedies
Movie;Star Trek;United States, Germany;2009;PG-13;128 min;Action & Adventure, Sci-Fi & Fantasy
Movie;Stuart Little;Germany, United States;1999;PG;85 min;Children & Family Movies, Comedies
Movie;Sword of Trust;United States;2019;R;89 min;Comedies, Dramas, Independent Movies
Movie;Talladega Nights: The Ballad of Ricky Bobby;United States;2006;PG-13;108 min;Action & Adventure, Comedies, Sports Movies
Movie;The American;United States, United Kingdom;2010;R;105 min;Dramas, Thrillers
Movie;The Best of Enemies;United States;2019;PG-13;133 min;Dramas
Movie;The Game;United States;1997;R;129 min;Thrillers
Movie;The Karate Kid;United States;1984;PG;127 min;Action & Adventure, Children & Family Movies, Classic Movies
Movie;The Karate Kid Part II;United States;1986;PG;113 min;Action & Adventure, Children & Family Movies, Dramas
Movie;The Karate Kid Part III;United States;1989;PG;112 min;Children & Family Movies, Dramas
Movie;The Life of David Gale;United Kingdom, Germany, Spain, United States;2003;R;130 min;Dramas
Movie;The Long Riders;United States;1980;R;100 min;Action & Adventure
Movie;The Queen;United Kingdom, United States, France, Italy;2006;PG-13;103 min;Dramas, International Movies
Movie;The Strangers;United States;2008;R;85 min;Horror Movies, Thrillers
Movie;The Sum of All Fears;United States, Germany, Canada;2002;PG-13;124 min;Action & Adventure
Movie;The Tourist;United States, France, Italy, United Kingdom;2010;PG-13;103 min;Action & Adventure, Romantic Movies
Movie;Underworld;United States, United Kingdom, Germany, Hungary;2003;R;121 min;Action & Adventure, Horror Movies, Sci-Fi & Fantasy
Movie;Underworld: Awakening;United States, Canada;2012;R;89 min;Action & Adventure, Horror Movies, Sci-Fi & Fantasy
Movie;Underworld: Rise of the Lycans;United States, New Zealand;2009;R;92 min;Action & Adventure, Horror Movies, Sci-Fi & Fantasy
Movie;Voiceless;Nigeria;2020;TV-MA;112 min;Dramas, International Movies, Thrillers
Movie;What Dreams May Come;United States, New Zealand;1998;PG-13;114 min;Dramas, Romantic Movies, Sci-Fi & Fantasy
Movie;Why Do Fools Fall in Love;United States;1998;R;116 min;Dramas, Music & Musicals, Romantic Movies
Movie;Working Title;;2019;R;110 min;Dramas
TV Show;Young Royals;Sweden;2021;TV-MA;1 Season;International TV Shows, Romantic TV Shows, TV Dramas
Movie;America: The Motion Picture;United States;2021;TV-MA;98 min;Action & Adventure, Comedies
Movie;Deranged;;2020;TV-14;98 min;Dramas, International Movies
TV Show;Droppin' Cash: Los Angeles;United States;2019;TV-MA;1 Season;Reality TV
TV Show;Legend of Exorcism;;2020;TV-14;1 Season;Anime Series, Crime TV Shows, International TV Shows
Movie;Lying and Stealing;United States;2019;R;100 min;Thrillers
Movie;Mommy Issues;;2021;TV-MA;90 min;Comedies, Dramas, International Movies
Movie;Prime Time;;2021;TV-MA;92 min;Dramas, International Movies, Thrillers
TV Show;Somos.;Mexico;2021;TV-MA;1 Season;Crime TV Shows, International TV Shows, Spanish-Language TV Shows
TV Show;Sophie: A Murder in West Cork;;2021;TV-MA;1 Season;British TV Shows, Crime TV Shows, Docuseries
TV Show;The Daily Life of the Immortal King;China;2020;TV-14;1 Season;Anime Series, International TV Shows, Teen TV Shows
TV Show;StarBeam;United States;2021;TV-Y;4 Seasons;Kids' TV
Movie;A Way Back Home;;2020;TV-14;82 min;Dramas, International Movies
Movie;Killing Them Softly;United States;2012;R;97 min;Dramas
TV Show;The Seven Deadly Sins;Japan;2021;TV-14;5 Seasons;Anime Series, International TV Shows
Movie;Wanted;;2019;TV-14;90 min;Comedies, International Movies
Movie;Into the Wind;;2018;TV-MA;76 min;Dramas, Independent Movies, International Movies
Movie;Wonder Boy;France;2019;TV-14;83 min;Documentaries, International Movies
Movie;Here Comes the Rain;Lebanon;2010;TV-MA;101 min;Dramas, International Movies
Movie;The Ice Road;United States, Canada;2021;PG-13;109 min;Action & Adventure
TV Show;Ray;;2021;TV-MA;1 Season;International TV Shows, TV Dramas, TV Mysteries
TV Show;Sex/Life;United States;2021;TV-MA;1 Season;Romantic TV Shows, TV Dramas
TV Show;Godzilla Singular Point;;2021;TV-14;1 Season;Anime Series, International TV Shows
TV Show;Jiva!;;2021;TV-MA;1 Season;International TV Shows, TV Dramas
Movie;Sisters on Track;;2021;PG;97 min;Documentaries, Sports Movies
TV Show;The Naked Director;Japan;2021;TV-MA;2 Seasons;International TV Shows, TV Dramas
Movie;The Seventh Day;United States;2021;R;87 min;Horror Movies
Movie;Good on Paper;;2021;TV-MA;94 min;Comedies, Romantic Movies
Movie;Murder by the Coast;;2021;TV-14;89 min;Documentaries, International Movies
Movie;The House of Flowers: The Movie;;2021;TV-MA;88 min;Comedies, International Movies, Music & Musicals
TV Show;The Parisian Agency: Exclusive Properties;;2021;TV-G;1 Season;International TV Shows, Reality TV
TV Show;Too Hot to Handle;United States;2021;TV-MA;2 Seasons;Reality TV, Romantic TV Shows
Movie;Broken;;2019;TV-14;108 min;Dramas, International Movies, Romantic Movies
Movie;O Vendedor de Sonhos;Brazil;2016;TV-14;96 min;Dramas, International Movies
Movie;Osuofia in London;Nigeria;2003;TV-MA;84 min;Comedies, Dramas, International Movies
Movie;Osuofia in London II;;2004;TV-14;70 min;Comedies, Dramas, International Movies
TV Show;This Is Pop;;2021;TV-MA;1 Season;Docuseries, International TV Shows
Movie;#Selfie;Romania;2014;TV-MA;125 min;Comedies, Dramas, International Movies
Movie;#Selfie 69;Romania;2016;TV-MA;119 min;Comedies, Dramas, International Movies
Movie;Love Is a Story;Romania;2015;TV-MA;105 min;International Movies, Music & Musicals, Romantic Movies
TV Show;The Mole;United States;2001;TV-14;2 Seasons;Reality TV, TV Action & Adventure, TV Mysteries
TV Show;Nevertheless,;;2021;TV-14;1 Season;International TV Shows, Romantic TV Shows, TV Dramas
TV Show;Bangkok Love Stories: Innocence;Thailand;2018;TV-14;1 Season;International TV Shows, Romantic TV Shows, TV Dramas
TV Show;Black Lightning;United States;2021;TV-14;4 Seasons;TV Action & Adventure, TV Dramas, TV Sci-Fi & Fantasy
TV Show;Call My Agent!;France;2018;TV-MA;4 Seasons;International TV Shows, TV Comedies, TV Dramas
TV Show;Champions;United States;2018;TV-14;1 Season;TV Comedies
TV Show;Charité at War;;2019;TV-MA;1 Season;International TV Shows, TV Dramas
TV Show;Cleo & Cuquin;Spain;2020;TV-Y;2 Seasons;Kids' TV
TV Show;Deadwind;Finland, Germany;2020;TV-MA;2 Seasons;Crime TV Shows, International TV Shows, TV Dramas
TV Show;Gameboys Level-Up Edition;;2020;TV-14;1 Season;International TV Shows, Romantic TV Shows, TV Comedies
TV Show;Glee;United States;2015;TV-14;6 Seasons;TV Comedies, TV Dramas, Teen TV Shows
TV Show;Hap and Leonard;United States;2018;TV-MA;3 Seasons;Crime TV Shows, TV Dramas
TV Show;Locked Up;Spain;2020;TV-MA;5 Seasons;Crime TV Shows, International TV Shows, Spanish-Language TV Shows
Movie;Mobile Suit Gundam II: Soldiers of Sorrow;;1981;TV-14;133 min;Action & Adventure, Anime Features, International Movies
Movie;Mobile Suit Gundam III: Encounters in Space;;1982;TV-MA;140 min;Action & Adventure, Anime Features, International Movies
Movie;Mobile Suit Gundam: Char's Counterattack;;1988;TV-14;120 min;Action & Adventure, Anime Features, International Movies
TV Show;No Time for Shame;Argentina;2019;TV-MA;1 Season;International TV Shows, Reality TV, Spanish-Language TV Shows
TV Show;Pose;United States;2019;TV-MA;2 Seasons;TV Dramas
TV Show;REA(L)OVE;Japan;2018;TV-MA;1 Season;International TV Shows, Reality TV, Romantic TV Shows
TV Show;Riverdale;United States;2019;TV-14;4 Seasons;Crime TV Shows, TV Dramas, TV Mysteries
TV Show;Schitt's Creek;Canada, United States;2020;TV-MA;6 Seasons;TV Comedies
TV Show;The Assassination of Gianni Versace;United States;2018;TV-MA;1 Season;Crime TV Shows, TV Dramas, TV Thrillers
TV Show;The Judgement;Thailand;2018;TV-MA;1 Season;Crime TV Shows, International TV Shows, TV Dramas
TV Show;The Last Dance;United States;2020;TV-MA;1 Season;Docuseries
TV Show;They've Gotta Have Us;United Kingdom;2018;TV-MA;1 Season;British TV Shows, Docuseries
TV Show;Why Are You Like This;Australia;2021;TV-MA;1 Season;International TV Shows, TV Comedies
Movie;A Family;;2021;TV-MA;135 min;Dramas, International Movies
TV Show;Elite;Spain;2021;TV-MA;4 Seasons;Crime TV Shows, International TV Shows, Spanish-Language TV Shows
Movie;Fatherhood;United States;2021;PG-13;111 min;Dramas
TV Show;Hospital Playlist;South Korea;2021;TV-14;2 Seasons;International TV Shows, Korean TV Shows, TV Comedies
Movie;Jagame Thandhiram;;2021;TV-MA;159 min;Action & Adventure, Dramas, International Movies
Movie;Kambili: The Whole 30 Yards;Nigeria;2020;TV-14;119 min;Comedies, International Movies, Romantic Movies
Movie;Mobile Suit Gundam I;;1981;TV-14;139 min;Action & Adventure, Anime Features, Classic Movies
Movie;Rurouni Kenshin: The Final;;2021;TV-14;137 min;Action & Adventure, International Movies
TV Show;So Not Worth It;;2021;TV-14;1 Season;International TV Shows, TV Comedies
TV Show;The Rational Life;;2021;TV-14;1 Season;International TV Shows, Romantic TV Shows, TV Dramas
Movie;Ali & Ratu Ratu Queens;;2021;TV-14;101 min;Comedies, Dramas, International Movies
Movie;Aziza;Lebanon, Syria;2019;TV-PG;13 min;Comedies, Dramas, Independent Movies
Movie;Besieged Bread;;2015;TV-14;12 min;Dramas, International Movies
TV Show;Black Summer;Canada, United States;2021;TV-MA;2 Seasons;TV Action & Adventure, TV Dramas, TV Horror
TV Show;Elite Short Stories: Carla Samuel;;2021;TV-MA;1 Season;International TV Shows, Romantic TV Shows, Spanish-Language TV Shows
Movie;Fan Girl;Philippines;2020;TV-MA;101 min;Dramas, Independent Movies, International Movies
TV Show;Katla;Iceland;2021;TV-MA;1 Season;International TV Shows, TV Dramas, TV Mysteries
TV Show;Record of Ragnarok;;2021;TV-MA;1 Season;Anime Series, International TV Shows
Movie;Red Snow;Canada;2019;TV-MA;96 min;Dramas
Movie;Silver Linings Playbook;United States;2012;R;122 min;Comedies, Dramas, Independent Movies
TV Show;The Gift;Turkey;2021;TV-MA;3 Seasons;International TV Shows, TV Dramas, TV Mysteries
Movie;A Man For The Week End;;2018;TV-14;95 min;Comedies, Dramas, International Movies
Movie;Biking Borders;Germany;2019;TV-14;89 min;Documentaries, International Movies, Sports Movies
TV Show;Elite Short Stories: Omar Ander Alexis;;2021;TV-MA;1 Season;International TV Shows, Spanish-Language TV Shows, TV Dramas
TV Show;Let's Eat;;2021;TV-14;1 Season;International TV Shows, Romantic TV Shows, TV Comedies
Movie;Lowriders;United States;2016;PG-13;98 min;Dramas, Independent Movies
TV Show;Millennials;Argentina;2020;TV-MA;3 Seasons;International TV Shows, Romantic TV Shows, Spanish-Language TV Shows
TV Show;Penguin Town;;2021;TV-PG;1 Season;Docuseries, Science & Nature TV
Movie;Security;Italy;2021;TV-MA;119 min;Dramas, International Movies, Thrillers
Movie;Silver Skates;;2020;TV-MA;138 min;Action & Adventure, Dramas, International Movies
TV Show;Avengers Climate Conundrum;United States;2020;TV-Y7;1 Season;Kids' TV, TV Comedies
TV Show;Beyond Evil;;2021;TV-MA;1 Season;Crime TV Shows, International TV Shows, TV Thrillers
TV Show;Elite Short Stories: Nadia Guzmán;;2021;TV-MA;1 Season;International TV Shows, Romantic TV Shows, Spanish-Language TV Shows
Movie;FTA;United States;1972;TV-MA;104 min;Documentaries
Movie;Headspace: Unwind Your Mind;;2021;TV-G;273 min;Documentaries
Movie;Life of Crime;United States;2013;R;101 min;Comedies, Independent Movies
TV Show;Power Rangers Dino Fury;United States;2021;TV-G;1 Season;Kids' TV
TV Show;Rhyme Time Town;;2021;TV-Y;2 Seasons;Kids' TV
Movie;Rogue Warfare: Death of a Nation;United States;2020;R;99 min;Action & Adventure
Movie;Sir! No Sir!;United States;2005;TV-MA;84 min;Documentaries
TV Show;The American Bible Challenge;United States;2014;TV-G;1 Season;Reality TV
Movie;The Reason I Jump;United States, United Kingdom;2021;TV-14;82 min;Documentaries
TV Show;Elite Short Stories: Guzmán Caye Rebe;;2021;TV-MA;1 Season;International TV Shows, Spanish-Language TV Shows, TV Dramas
TV Show;Metallica: Some Kind of Monster;United States;2014;TV-MA;1 Season;TV Shows
Movie;Picture a Scientist;United States;2020;TV-MA;97 min;Documentaries
Movie;The Devil Below;United States;2021;TV-MA;89 min;Horror Movies
Movie;Bling Empire - The Afterparty;;2021;TV-MA;36 min;Movies
Movie;Cobra Kai - The Afterparty;;2021;TV-MA;34 min;Movies
TV Show;Love (ft. Marriage and Divorce);South Korea;2021;TV-14;2 Seasons;International TV Shows, TV Dramas
Movie;To All the Boys: Always and Forever - The Afterparty;;2021;TV-MA;36 min;Movies
TV Show;LEGO Friends: The Power of Friendship;Denmark;2016;TV-Y7;2 Seasons;Kids' TV
TV Show;Lupin;France, United States;2021;TV-MA;2 Seasons;Crime TV Shows, International TV Shows, TV Action & Adventure
Movie;Sarbath;India;2021;TV-PG;113 min;Comedies, Dramas, International Movies
Movie;Skater Girl;United States, India;2021;PG;110 min;Children & Family Movies, Dramas, International Movies
TV Show;Trese;Philippines, Singapore, Indonesia;2021;TV-MA;1 Season;Anime Series, Crime TV Shows, TV Horror
Movie;Trese After Dark;;2021;TV-14;36 min;Anime Features, Documentaries
Movie;Wish Dragon;China, United States, Canada;2021;PG;102 min;Children & Family Movies, Comedies
Movie;A Haunted House 2;United States;2014;R;86 min;Comedies, Horror Movies
Movie;Blind Intersections;Lebanon, United Arab Emirates;2012;TV-MA;91 min;Dramas, International Movies
Movie;Camellia Sisters;Vietnam;2021;TV-MA;117 min;Dramas, International Movies
Movie;Copenhagen;Canada, United States, Denmark;2014;TV-MA;99 min;Dramas, Independent Movies, Romantic Movies
TV Show;Locombianos;Colombia;2021;TV-MA;1 Season;International TV Shows, Spanish-Language TV Shows, Stand-Up Comedy & Talk Shows
Movie;Until Midnight;United Arab Emirates;2019;TV-14;77 min;International Movies, Thrillers
Movie;Awake;United States;2021;TV-MA;97 min;Dramas, Thrillers
Movie;Confusion Na Wa;Nigeria;2013;TV-MA;106 min;Comedies, Dramas, International Movies
TV Show;Fresh, Fried & Crispy;United States;2021;TV-PG;1 Season;Reality TV
TV Show;L.A.’s Finest;United States;2021;TV-MA;2 Seasons;Crime TV Shows, TV Action & Adventure, TV Comedies
Movie;Tragic Jungle;Mexico, France, Colombia;2021;TV-MA;97 min;Dramas, Independent Movies, International Movies
TV Show;Guru Aur Bhole;;2018;TV-Y7;2 Seasons;Kids' TV, TV Comedies
Movie;Vampire Academy;United States, United Kingdom;2014;PG-13;104 min;Action & Adventure, Comedies, Sci-Fi & Fantasy
TV Show;Newly Rich, Newly Poor;Colombia;2007;TV-MA;1 Season;International TV Shows, Romantic TV Shows, Spanish-Language TV Shows
Movie;A Private War;United Kingdom, United States;2018;R;110 min;Dramas, Independent Movies
Movie;Kitty Love: An Homage to Cats;Netherlands;2021;TV-G;61 min;Children & Family Movies, Documentaries, International Movies
Movie;Small Chops;Nigeria;2020;TV-MA;98 min;Dramas, International Movies, Romantic Movies
Movie;Breaking Boundaries: The Science Of Our Planet;United States;2021;TV-PG;74 min;Documentaries
TV Show;Feel Good;United Kingdom;2021;TV-MA;2 Seasons;Romantic TV Shows, TV Comedies, TV Dramas
Movie;Fireplace 4K: Classic Crackling Fireplace from Fireplace for Your Home;;2015;TV-G;60 min;Movies
Movie;Fireplace 4K: Crackling Birchwood from Fireplace for Your Home;;2015;TV-G;60 min;Movies
TV Show;Human: The World Within;;2021;TV-PG;1 Season;Docuseries, Science & Nature TV
Movie;Sweet & Sour;South Korea;2021;TV-14;103 min;Comedies, International Movies, Romantic Movies
TV Show;Sweet Tooth;United States;2021;TV-14;1 Season;TV Action & Adventure, TV Dramas, TV Sci-Fi & Fantasy
Movie;Trippin' with the Kandasamys;South Africa;2021;TV-14;94 min;Comedies, International Movies, Romantic Movies
Movie;Xtreme;Spain;2021;TV-MA;112 min;Action & Adventure, International Movies
Movie;Alan Saldaña: Locked Up;Mexico;2021;TV-MA;49 min;Stand-Up Comedy
TV Show;Creator's File: GOLD;Japan;2021;TV-14;1 Season;International TV Shows, TV Comedies
Movie;Dancing Queens;Sweden;2021;TV-MA;111 min;Comedies, Dramas, International Movies
Movie;From Stress to Happiness;Argentina;2020;TV-G;58 min;Documentaries, International Movies
Movie;Myriam Fares: The Journey;United Arab Emirates;2021;TV-14;72 min;Documentaries, International Movies, Music & Musicals
TV Show;Pretty Guardian Sailor Moon Eternal The Movie;;2021;TV-14;1 Season;TV Shows
TV Show;Summertime;Italy;2021;TV-MA;2 Seasons;International TV Shows, Romantic TV Shows, TV Dramas
Movie;The Girl and the Gun;Philippines;2019;TV-MA;78 min;Dramas, International Movies, Thrillers
Movie;2 Hearts;United States;2020;PG-13;101 min;Dramas, Faith & Spirituality, Romantic Movies
Movie;A Perfect Ending;United States;2012;TV-MA;110 min;Dramas, Independent Movies, LGBTQ Movies
Movie;American Outlaws;United States;2001;PG-13;94 min;Action & Adventure
Movie;And Then Came Lola;United States;2009;TV-MA;70 min;Comedies, Independent Movies, LGBTQ Movies
TV Show;Attack on Titan;Japan;2013;TV-MA;1 Season;Anime Series, International TV Shows
Movie;Battlefield Earth;United States;2000;PG-13;118 min;Action & Adventure, Cult Movies, Sci-Fi & Fantasy
TV Show;Ben & Holly's Little Kingdom;United Kingdom;2019;TV-Y;2 Seasons;Kids' TV
Movie;Black Holes | The Edge of All We Know;;2021;TV-14;99 min;Documentaries
Movie;Bliss;Canada, United States;1997;R;103 min;Dramas, Romantic Movies
Movie;Carnaval;Brazil;2021;TV-MA;95 min;Comedies, International Movies, Music & Musicals
Movie;Cloudburst;United States, Canada;2011;TV-MA;93 min;Comedies, Dramas, Independent Movies
TV Show;Cocomelon;United States;2021;TV-Y;3 Seasons;Kids' TV
Movie;Company of Heroes;United States;2013;R;101 min;Action & Adventure, Dramas
Movie;Cradle 2 the Grave;United States;2003;R;101 min;Action & Adventure
Movie;Domestic Disturbance;United States;2001;PG-13;89 min;Thrillers
TV Show;Downton Abbey;United Kingdom;2015;TV-14;6 Seasons;British TV Shows, International TV Shows, TV Dramas
Movie;Dream/Killer;United States;2015;TV-MA;109 min;Documentaries
Movie;Felon;United States;2008;R;104 min;Action & Adventure, Dramas
Movie;Flipped;United States;2010;PG;90 min;Comedies, Dramas, Romantic Movies
Movie;Fools Rush In;United States;1997;PG-13;109 min;Comedies, Romantic Movies
Movie;Gold Statue;Nigeria;2019;TV-14;145 min;Comedies, Dramas, International Movies
TV Show;Happy Endings;United States;2012;TV-14;3 Seasons;TV Comedies
Movie;Hostel: Part III;United States;2011;R;88 min;Cult Movies, Horror Movies
Movie;I Am Sam;United States;2001;PG-13;132 min;Dramas
Movie;Love Jones;United States;1997;R;109 min;Comedies, Dramas, Independent Movies
Movie;Million Dollar Baby;United States;2004;PG-13;133 min;Dramas, Sports Movies
Movie;Mosquita y Mari;United States;2012;TV-14;85 min;Dramas, Independent Movies, LGBTQ Movies
Movie;Never Back Down 2: The Beatdown;United States;2011;R;104 min;Action & Adventure, Dramas, Sports Movies
Movie;Ninja Assassin;Germany, United States, France;2009;R;99 min;Action & Adventure
TV Show;Ouran High School Host Club;Japan;2006;TV-PG;1 Season;Anime Series, Romantic TV Shows, Teen TV Shows
Movie;Population 436;Canada, United States;2006;R;93 min;Horror Movies, Thrillers
TV Show;Racket Boys;;2021;TV-14;1 Season;International TV Shows, TV Comedies, TV Dramas
Movie;Seven Souls in the Skull Castle: Season Moon Jogen;;2017;TV-14;204 min;Action & Adventure, Dramas, International Movies
Movie;Seven Souls in the Skull Castle: Season Moon Kagen;;2017;TV-PG;212 min;Action & Adventure, Dramas, International Movies
Movie;Sniper: Legacy;United States, Bulgaria;2014;R;98 min;Action & Adventure
Movie;Starsky & Hutch;United States;2004;PG-13;101 min;Action & Adventure, Comedies
Movie;Streets of Fire;United States;1984;PG;94 min;Action & Adventure, Classic Movies, Cult Movies
Movie;Super Monsters: Once Upon a Rhyme;;2021;TV-Y;25 min;Children & Family Movies
Movie;Swordfish;United States;2001;R;99 min;Action & Adventure
TV Show;The Adventures of Sonic the Hedgehog;United States, Canada;1993;TV-Y7;1 Season;Kids' TV
Movie;The Four Seasons;United States;1981;PG;108 min;Comedies, Romantic Movies
Movie;The Girl King;;2015;TV-MA;106 min;Dramas, International Movies, LGBTQ Movies
Movie;The Interpreter;United Kingdom, France, Germany, United States;2005;PG-13;128 min;Thrillers
Movie;The Meddler;United States;2015;PG-13;104 min;Comedies, Dramas, Independent Movies
Movie;The Mirror Has Two Faces;United States;1996;PG-13;127 min;Comedies, Dramas, Romantic Movies
Movie;The Outlaw Josey Wales;United States;1976;PG;136 min;Action & Adventure, Classic Movies
TV Show;The Platform;United Arab Emirates;2021;TV-14;3 Seasons;International TV Shows, TV Dramas, TV Mysteries
Movie;The Wedding Guest;United Kingdom;2018;R;97 min;Dramas, Romantic Movies, Thrillers
Movie;The Wind;United States;2019;R;88 min;Horror Movies
Movie;Then Came You;United States;2019;TV-MA;97 min;Comedies, Dramas, Independent Movies
Movie;Welcome Home;United States;2018;R;97 min;Thrillers
TV Show;Dirty John;United States;2020;TV-MA;2 Seasons;Crime TV Shows, TV Dramas, TV Mysteries
Movie;Bo Burnham: Inside;United States;2021;TV-MA;88 min;Stand-Up Comedy
Movie;One Lagos Night;;2021;TV-14;103 min;Comedies, International Movies
Movie;Collateral Beauty;United States;2016;PG-13;97 min;Dramas
Movie;Dog Gone Trouble;;2021;TV-Y7;88 min;Children & Family Movies, Comedies
TV Show;The Kominsky Method;United States;2021;TV-MA;3 Seasons;TV Comedies, TV Dramas
TV Show;The Least Expected Day: Inside the Movistar Team 2019;;2021;TV-MA;2 Seasons;Docuseries, International TV Shows, Spanish-Language TV Shows
TV Show;Word of Honor;;2021;TV-14;1 Season;International TV Shows, TV Action & Adventure, TV Dramas
TV Show;Black Space;Israel;2021;TV-MA;1 Season;Crime TV Shows, International TV Shows, TV Dramas
Movie;Blue Miracle;United States;2021;TV-PG;97 min;Children & Family Movies, Dramas, Faith & Spirituality
TV Show;Eden;;2021;TV-PG;1 Season;Anime Series, International TV Shows
Movie;Ghost Lab;Thailand;2021;TV-MA;118 min;Horror Movies, International Movies, Thrillers
TV Show;Ragnarok;Norway, Denmark;2021;TV-MA;2 Seasons;International TV Shows, TV Action & Adventure, TV Dramas
Movie;Soy Rada: Serendipity;Argentina;2021;TV-MA;70 min;Stand-Up Comedy
Movie;The Day I lost My Shadow;Syria, France, Lebanon, Qatar;2018;TV-MA;91 min;Dramas, Independent Movies, International Movies
Movie;Baggio: The Divine Ponytail;Italy;2021;TV-MA;92 min;Dramas, International Movies, Sports Movies
Movie;Gatao - The Last Stray;;2021;TV-MA;120 min;Action & Adventure, Dramas, International Movies
TV Show;High on the Hog: How African American Cuisine Transformed America;;2021;TV-14;1 Season;Docuseries
TV Show;JoJo's Bizarre Adventure;Japan;2016;TV-MA;3 Seasons;Anime Series, International TV Shows
Movie;Nail Bomber: Manhunt;;2021;TV-MA;73 min;Documentaries, International Movies
Movie;A Place in the Stars;;2014;TV-14;110 min;Dramas, International Movies, Thrillers
Movie;Home;United States;2015;PG;94 min;Children & Family Movies, Comedies, Sci-Fi & Fantasy
TV Show;Mad for Each Other;;2021;TV-MA;1 Season;International TV Shows, Romantic TV Shows, TV Comedies
TV Show;Master of None;United States;2021;TV-MA;3 Seasons;TV Comedies, TV Dramas
Movie;Sam Smith: Love Goes - Live at Abbey Road Studios;;2020;TV-G;61 min;International Movies, Music & Musicals
Movie;99 Songs;India;2021;TV-14;131 min;Dramas, International Movies, Music & Musicals
Movie;99 Songs (Tamil);;2021;TV-14;131 min;Dramas, International Movies, Music & Musicals
Movie;99 Songs (Telugu);;2021;TV-14;131 min;Dramas, International Movies, Music & Musicals
Movie;Army of the Dead;United States;2021;R;148 min;Action & Adventure, Horror Movies
Movie;Creating an Army of the Dead;;2021;TV-MA;29 min;Documentaries
TV Show;Jurassic World Camp Cretaceous;United States;2021;TV-Y7;3 Seasons;Kids' TV, TV Action & Adventure, TV Sci-Fi & Fantasy
Movie;Strain;;2020;TV-MA;107 min;Dramas, International Movies
TV Show;The Neighbor;Spain;2021;TV-MA;2 Seasons;International TV Shows, Spanish-Language TV Shows, TV Comedies
Movie;678;;2009;TV-14;99 min;Dramas, Independent Movies, International Movies
Movie;Asmaa;Egypt;2011;TV-14;92 min;Dramas, International Movies
Movie;Hating Peter Tatchell;Australia;2020;TV-MA;91 min;Documentaries, International Movies, LGBTQ Movies
Movie;Little Singham Future mein Satakli;;2021;TV-Y7;47 min;Children & Family Movies, Comedies
TV Show;Special;United States;2021;TV-MA;2 Seasons;TV Comedies
Movie;Spy Kids: All the Time in the World;United States;2011;PG;88 min;Children & Family Movies, Comedies
Movie;Taxi No. 9211;;2006;TV-14;116 min;Dramas, International Movies, Thrillers
Movie;Sabotage;United States;2014;R;109 min;Action & Adventure, Dramas
Movie;Small Town Crime;United States;2017;R;92 min;Thrillers
Movie;The Last Days;United States;1998;PG-13;87 min;Documentaries
TV Show;The Magic School Bus;Canada, United States;1997;TV-Y;1 Season;Kids' TV
TV Show;Who Killed Sara?;Mexico;2021;TV-MA;2 Seasons;Crime TV Shows, International TV Shows, Spanish-Language TV Shows
Movie;Amy Tan: Unintended Memoir;United States;2021;TV-14;101 min;Documentaries
Movie;Sardar Ka Grandson;India;2021;TV-14;140 min;Comedies, Dramas, International Movies
Movie;Sleight;United States;2016;R;89 min;Dramas, Independent Movies, Sci-Fi & Fantasy
Movie;Ahaan;India;2021;TV-MA;81 min;Dramas, Independent Movies, International Movies
TV Show;Booba: Food Puzzle;United Kingdom;2021;TV-Y;1 Season;Kids' TV
Movie;Love or Money;;2020;TV-MA;116 min;Dramas, International Movies, Romantic Movies
TV Show;Alma Matters;India;2021;TV-MA;1 Season;Docuseries, International TV Shows
Movie;Cinema Bandi;India;2021;TV-MA;99 min;Comedies, Independent Movies, International Movies
Movie;Ferry;Belgium, Netherlands;2021;TV-MA;107 min;Dramas, International Movies, Thrillers
TV Show;Halston;United States;2021;TV-MA;1 Season;TV Dramas
TV Show;Haunted;United States, Czech Republic;2021;TV-MA;3 Seasons;Reality TV, TV Horror, TV Thrillers
Movie;I Am All Girls;South Africa;2021;TV-MA;107 min;Dramas, International Movies, Thrillers
Movie;Jungle Beat: The Movie;Mauritius;2021;TV-Y7;90 min;Children & Family Movies, Comedies
TV Show;Love, Death & Robots;United States;2021;TV-MA;2 Seasons;TV Action & Adventure, TV Horror, TV Sci-Fi & Fantasy
TV Show;Move to Heaven;South Korea;2021;TV-MA;1 Season;International TV Shows, TV Dramas
Movie;Table Manners;Canada, South Africa;2018;TV-MA;104 min;Comedies, Dramas, International Movies
TV Show;The Mystic River;;2020;TV-14;1 Season;International TV Shows, TV Horror, TV Sci-Fi & Fantasy
Movie;The Strange House;Austria;2020;TV-MA;100 min;Horror Movies, International Movies, Thrillers
Movie;The Upshaws - The Afterparty;;2021;TV-14;32 min;Comedies
Movie;The Woman in the Window;United States;2021;R;102 min;Dramas, Thrillers
TV Show;Castlevania;United States;2021;TV-MA;4 Seasons;Anime Series, TV Horror, TV Thrillers
Movie;Layer Cake;United Kingdom;2004;R;105 min;Independent Movies, International Movies, Thrillers
Movie;Tottaa Pataaka Item Maal;India;2018;TV-MA;107 min;Dramas, Independent Movies, International Movies
Movie;Wave of Cinema: Filosofi Kopi;;2020;TV-14;64 min;Documentaries, International Movies, Music & Musicals
Movie;Dance of the Forty One;Mexico, Brazil;2021;TV-MA;99 min;Dramas, Independent Movies, International Movies
Movie;Oxygen;France, United States;2021;TV-14;102 min;Dramas, International Movies, Thrillers
TV Show;The Upshaws;United States;2021;TV-14;1 Season;TV Comedies
TV Show;Use For My Talent;;2021;TV-14;1 Season;International TV Shows, Romantic TV Shows, TV Comedies
Movie;Dear Affy;;2020;TV-14;126 min;Comedies, Dramas, International Movies
Movie;Illegal Woman;Spain;2020;TV-MA;119 min;Dramas, International Movies
TV Show;Money, Explained;United States;2021;TV-14;1 Season;Docuseries
Movie;Deadly Switch;United States;2019;TV-PG;86 min;Independent Movies, Thrillers
TV Show;Mine;South Korea;2021;TV-14;1 Season;International TV Shows, TV Dramas
Movie;Nayattu;India;2021;TV-MA;122 min;Dramas, International Movies, Thrillers
Movie;Sleepless;United States;2017;R;95 min;Action & Adventure
Movie;Super Me;China;2021;TV-14;104 min;Action & Adventure, Dramas, International Movies
Movie;Have You Ever Seen Fireflies? - Theatre Play;Turkey;1999;TV-MA;118 min;Dramas, International Movies
Movie;In Our Mothers' Gardens;United States;2020;TV-MA;85 min;Documentaries
TV Show;Jupiter's Legacy;United States;2021;TV-MA;1 Season;TV Action & Adventure, TV Sci-Fi & Fantasy
Movie;Milestone;India;2021;TV-14;98 min;Dramas, Independent Movies, International Movies
Movie;Monster;United States;2021;TV-MA;99 min;Dramas
TV Show;Sab Jholmaal Hai;India;2017;TV-Y7;2 Seasons;Kids' TV, TV Comedies
Movie;The Circle - The Afterparty;;2021;TV-14;35 min;Comedies
Movie;Time to Dance;India;2020;TV-PG;107 min;Dramas, International Movies, Romantic Movies
Movie;Unrest;United Kingdom, United States;2017;TV-MA;97 min;Documentaries
Movie;And Tomorrow the Entire World;Germany, France;2020;TV-MA;112 min;Dramas, International Movies, Thrillers
Movie;Dead Man Down;United States;2013;R;118 min;Action & Adventure
Movie;Framing John DeLorean;United States;2019;TV-MA;109 min;Documentaries, Dramas
TV Show;Lava Ka Dhaava;India;2021;TV-PG;1 Season;Reality TV
TV Show;The Sons of Sam: A Descent into Darkness;United States;2021;TV-MA;1 Season;Crime TV Shows, Docuseries
TV Show;Selena: The Series;Mexico, United States;2020;TV-PG;2 Seasons;TV Dramas
TV Show;StartUp;United States;2018;TV-MA;3 Seasons;Crime TV Shows, TV Dramas
Movie;The Clovehitch Killer;United States;2018;TV-MA;109 min;Dramas, Independent Movies, Thrillers
TV Show;Trash Truck;;2021;TV-Y;2 Seasons;Kids' TV
Movie;Aliens Stole My Body;United States;2020;PG;88 min;Children & Family Movies, Comedies
TV Show;Angelina Ballerina;;2010;TV-Y;2 Seasons;British TV Shows, Kids' TV
Movie;Au coeur des gangs;United States;2006;R;97 min;Action & Adventure, Dramas
TV Show;Barney and Friends;;2010;TV-Y;2 Seasons;Kids' TV
Movie;Best of the Best;United States;1989;PG-13;97 min;Action & Adventure, Sports Movies
Movie;Dead Again in Tombstone;;2017;R;99 min;Action & Adventure, Horror Movies
Movie;Due Date;United States;2010;R;95 min;Action & Adventure, Comedies
Movie;Fun with Dick & Jane;United States;2005;PG-13;91 min;Comedies
Movie;Green Zone;United Kingdom, France, Spain, United States;2010;R;115 min;Action & Adventure
Movie;Hachi: A Dog's Tale;United Kingdom, United States;2009;G;93 min;Children & Family Movies, Dramas
Movie;JT LeRoy;United Kingdom, Canada, United States;2018;R;109 min;Dramas, Independent Movies
Movie;Madagascar 3: Europe's Most Wanted;United States;2012;PG;96 min;Children & Family Movies, Comedies
TV Show;Miniforce: Super Dino Power;;2020;TV-Y7;1 Season;Kids' TV
Movie;Motu Patlu in Dragon's World;;2017;TV-Y7;78 min;Children & Family Movies, Comedies
Movie;Motu Patlu in the Game of Zones;;2019;TV-Y7;87 min;Children & Family Movies, Comedies, Music & Musicals
Movie;Motu Patlu in Wonderland;;2013;TV-Y7;76 min;Children & Family Movies, Music & Musicals
Movie;Motu Patlu: Deep Sea Adventure;;2014;TV-Y7;76 min;Children & Family Movies, Comedies
Movie;Motu Patlu: Mission Moon;;2013;TV-Y7;71 min;Children & Family Movies, Comedies
Movie;Mystic River;United States, Australia;2003;R;138 min;Dramas, Thrillers
Movie;Never Back Down;United States;2008;PG-13;113 min;Action & Adventure, Dramas, Sports Movies
Movie;S.M.A.R.T Chase;China;2018;TV-MA;94 min;Action & Adventure
Movie;Sitting in Limbo;United Kingdom;2020;TV-MA;89 min;Dramas, International Movies
Movie;Stargate;United States, France;1994;PG-13;121 min;Action & Adventure, Sci-Fi & Fantasy
Movie;State of Play;United States, United Kingdom, France;2009;PG-13;127 min;Dramas, Thrillers
Movie;Swiped;United States;2018;TV-14;94 min;Comedies
Movie;The Darkest Hour;United States, Russia;2011;PG-13;89 min;Action & Adventure, Sci-Fi & Fantasy
Movie;The Lovely Bones;United States, United Kingdom, New Zealand;2009;PG-13;136 min;Dramas, International Movies, Sci-Fi & Fantasy
Movie;The Sweetest Thing;United States;2002;R;89 min;Comedies, Romantic Movies
Movie;The Whole Nine Yards;United States;2000;R;99 min;Action & Adventure, Comedies
Movie;The Whole Truth;United States;2016;R;93 min;Dramas, Thrillers
Movie;The Yeti Adventures;Canada;2018;TV-PG;85 min;Children & Family Movies, Comedies
Movie;Under Siege;France, United States;1992;R;102 min;Action & Adventure
Movie;Zack and Miri Make a Porno;United States;2008;R;101 min;Comedies, Independent Movies, Romantic Movies
TV Show;Pet Stars;;2021;TV-PG;1 Season;Reality TV
Movie;Seven;;2019;TV-14;113 min;Dramas, International Movies
Movie;The Disciple;India;2021;TV-MA;128 min;Dramas, Independent Movies, International Movies
TV Show;The Innocent;;2021;TV-MA;1 Season;Crime TV Shows, International TV Shows, Spanish-Language TV Shows
Movie;The Mitchells vs. The Machines;;2021;PG;114 min;Children & Family Movies, Comedies
Movie;The Strangers: Prey at Night;United States, United Kingdom;2018;R;85 min;Horror Movies
TV Show;The Unremarkable Juanquini;;2021;TV-MA;2 Seasons;International TV Shows, Spanish-Language TV Shows, TV Comedies
Movie;Things Heard & Seen;;2021;TV-MA;121 min;Horror Movies, Thrillers
TV Show;Yasuke;;2021;TV-MA;1 Season;Anime Series, International TV Shows
Movie;Get the Grift;Brazil;2021;TV-MA;95 min;Comedies, International Movies
TV Show;Headspace Guide to Sleep;;2021;TV-G;1 Season;Docuseries, Science & Nature TV
TV Show;Sexify;Poland;2021;TV-MA;1 Season;International TV Shows, TV Comedies, TV Dramas
Movie;August: Osage County;United States;2014;R;121 min;Dramas
Movie;Battle: Los Angeles;United States;2011;PG-13;116 min;Action & Adventure, Sci-Fi & Fantasy
Movie;Between Worlds;Spain;2018;R;91 min;Thrillers
TV Show;Fatma;Turkey;2021;TV-MA;1 Season;International TV Shows, TV Dramas, TV Thrillers
Movie;One;India;2020;TV-PG;149 min;Dramas, International Movies
Movie;Ram Prasad Ki Tehrvi;India;2019;TV-14;113 min;Dramas, Independent Movies, International Movies
Movie;Shadow and Bone - The Afterparty;United States;2021;TV-14;33 min;Action & Adventure, Comedies, Dramas
Movie;Among Family;Turkey;2017;TV-14;127 min;Comedies, International Movies
Movie;Dedemin Fisi;Turkey;2016;TV-14;101 min;Comedies, International Movies
Movie;Deliha;Turkey;2014;TV-MA;102 min;Comedies, International Movies, Romantic Movies
Movie;Düğün Dernek;Turkey;2013;TV-MA;102 min;Comedies, International Movies
Movie;Dügün Dernek 2: Sünnet;Turkey;2015;TV-MA;107 min;Comedies, International Movies
Movie;G.O.R.A;Turkey;2004;TV-MA;123 min;Action & Adventure, Comedies, International Movies
Movie;Hayat Öpücügü;Turkey;2015;TV-14;98 min;Comedies, Dramas, International Movies
Movie;Heroes: Silence and Rock & Roll;Spain;2021;TV-MA;95 min;Documentaries, International Movies, Music & Musicals
Movie;Kara Bela;Turkey;2015;TV-MA;101 min;Comedies, International Movies
Movie;Kocan Kadar Konus;Turkey;2015;TV-MA;104 min;Comedies, International Movies, Romantic Movies
Movie;Kocan Kadar Konus 2: Dirilis;Turkey;2016;TV-14;104 min;Comedies, International Movies, Romantic Movies
Movie;Legal Hash;;2019;TV-MA;103 min;Comedies, International Movies
TV Show;Let's Fight Ghost;Thailand;2021;TV-14;1 Season;International TV Shows, Romantic TV Shows, TV Comedies
Movie;My Travel Buddy;Turkey;2017;TV-MA;111 min;Comedies, International Movies
Movie;Niyazi Gül Dörtnala;Turkey;2015;TV-MA;102 min;Comedies, International Movies
Movie;One Like It;Egypt;2020;TV-G;15 min;Dramas, Independent Movies, International Movies
Movie;Perfume Imaginary Museum “Time Warp”;;2020;TV-G;54 min;International Movies, Music & Musicals
TV Show;Shadow and Bone;United States;2021;TV-14;1 Season;TV Action & Adventure, TV Dramas, TV Sci-Fi & Fantasy
Movie;This Lady Called Life;Nigeria;2020;TV-14;120 min;Dramas, International Movies, Romantic Movies
Movie;Vizontele;Turkey;2001;TV-MA;106 min;Comedies, Dramas, International Movies
Movie;HOMUNCULUS;Japan;2021;TV-MA;116 min;Horror Movies, International Movies, Thrillers
TV Show;Life in Color with David Attenborough;Australia, United Kingdom;2021;TV-PG;1 Season;British TV Shows, Docuseries, International TV Shows
Movie;Searching For Sheela;India;2021;TV-14;58 min;Documentaries, International Movies
;Stowaway;Germany, United States;2021;TV-MA;116 min;Dramas, International Movies, Thrillers
Movie;Wild Dog;;2020;TV-MA;126 min;Action & Adventure, International Movies
Movie;Oloibiri;Canada, Nigeria, United States;2015;TV-14;86 min;Dramas, International Movies, Thrillers
Movie;Tell Me When;Mexico;2021;TV-MA;97 min;Comedies, International Movies
TV Show;Zero;Italy;2021;TV-MA;1 Season;International TV Shows, TV Comedies, TV Dramas
TV Show;Izzy's Koala World;Australia;2021;TV-Y;2 Seasons;Kids' TV
Movie;Keymon and Nani in Space Adventure;;2013;TV-Y;76 min;Children & Family Movies, Comedies
Movie;Motu Patlu Dino Invasion;;2018;TV-Y7;80 min;Children & Family Movies, Comedies
Movie;Motu Patlu in Octupus World;;2017;TV-Y;81 min;Children & Family Movies, Comedies
Movie;Motu Patlu VS Robo Kids;;2019;TV-Y;84 min;Children & Family Movies
Movie;Rudra: Secret of the Black Moon;;2020;TV-Y7;87 min;Children & Family Movies
Movie;Rudra: The Rise of King Pharaoh;;2019;TV-Y7;91 min;Children & Family Movies
Movie;Free to Play;United States;2014;TV-14;76 min;Documentaries
TV Show;Luis Miguel - The Series;Mexico;2021;TV-MA;2 Seasons;International TV Shows, Spanish-Language TV Shows, TV Dramas
Movie;Miss Sloane;France, United States, United Kingdom, Canada;2016;R;132 min;Thrillers
TV Show;PJ Masks;France, United Kingdom;2019;TV-Y;3 Seasons;Kids' TV
Movie;American Me;United States;1992;R;126 min;Dramas
Movie;Delhi Belly;India;2011;TV-MA;101 min;Action & Adventure, Comedies, International Movies
Movie;Dhobi Ghat (Mumbai Diaries);India;2010;TV-MA;102 min;Dramas, International Movies
Movie;Jaane Tu... Ya Jaane Na;India;2008;TV-14;147 min;Comedies, International Movies, Music & Musicals
Movie;Lagaan;India, United Kingdom;2001;PG;224 min;Dramas, International Movies, Music & Musicals
Movie;Madness in the Desert;India;2004;TV-14;141 min;Documentaries, International Movies
Movie;Peepli Live;India;2010;TV-MA;109 min;Comedies, Dramas, Independent Movies
Movie;Taare Zameen Par;India;2007;PG;162 min;Dramas, International Movies
Movie;Ajeeb Daastaans;India;2021;TV-MA;142 min;Dramas, Independent Movies, International Movies
Movie;Arlo the Alligator Boy;United States;2021;TV-Y7;93 min;Children & Family Movies, Comedies, Music & Musicals
TV Show;Bakugan: Geogan Rising;;2021;TV-Y7;1 Season;Anime Series, Kids' TV
Movie;Barbie & Chelsea: The Lost Birthday;United States;2021;TV-Y;60 min;Children & Family Movies
Movie;Crimson Peak;Canada, United States, Mexico;2015;R;119 min;Horror Movies, Romantic Movies, Sci-Fi & Fantasy
Movie;Dad Stop Embarrassing Me - The Afterparty;;2021;TV-14;37 min;Comedies
Movie;Doctor Bello;United States;2013;TV-MA;96 min;Dramas, International Movies
Movie;Four Sisters Before the Wedding;Philippines;2020;TV-MA;116 min;Children & Family Movies, Comedies, Dramas
Movie;Into the Beat;Germany;2020;TV-14;102 min;Dramas, International Movies, Romantic Movies
TV Show;Love Naggers;South Korea;2021;TV-14;1 Season;International TV Shows, Stand-Up Comedy & Talk Shows
Movie;Rush;United Kingdom, Germany, United States;2013;R;123 min;Action & Adventure, Dramas, International Movies
Movie;Synchronic;United States;2020;R;102 min;Thrillers
Movie;The Zookeeper's Wife;Czech Republic, United Kingdom, United States;2017;PG-13;127 min;Dramas
Movie;Time Trap;United States;2017;TV-14;88 min;Action & Adventure, Sci-Fi & Fantasy
Movie;Tuesdays & Fridays;India;2021;TV-14;106 min;Comedies, Dramas, International Movies
TV Show;Dancing Angels;;2016;TV-PG;1 Season;International TV Shows, Romantic TV Shows, TV Comedies
Movie;Dark City Beneath the Beat;United States;2020;TV-MA;65 min;Documentaries, Music & Musicals
TV Show;Durarara!!;Japan;2016;TV-MA;1 Season;Anime Series, Crime TV Shows, International TV Shows
Movie;GANTZ:O;Japan;2016;TV-MA;96 min;Action & Adventure, Anime Features, Horror Movies
TV Show;Garth Brooks: The Road I’m On;United States;2019;TV-PG;1 Season;Docuseries
TV Show;Gilmore Girls;United States;2006;TV-14;7 Seasons;Romantic TV Shows, TV Comedies, TV Dramas
TV Show;High-Rise Invasion;Japan;2021;TV-MA;1 Season;Anime Series, International TV Shows, TV Thrillers
TV Show;Next in Fashion;United States;2020;TV-14;1 Season;Reality TV
Movie;Only Mine;United States;2019;TV-14;88 min;Thrillers
TV Show;Peasants Rebellion;Lebanon;2018;TV-14;1 Season;International TV Shows, TV Dramas
TV Show;Power Players;United States, France;2020;TV-Y;3 Seasons;Kids' TV
TV Show;Ricky Zoom;China, United Kingdom;2019;TV-Y;1 Season;British TV Shows, Kids' TV
Movie;Ride or Die;Japan;2021;TV-MA;143 min;Dramas, International Movies, LGBTQ Movies
TV Show;Sonic X;Japan;2003;TV-Y7;2 Seasons;Anime Series, Kids' TV
Movie;The Master;United States;2012;R;137 min;Dramas, Independent Movies
Movie;Time Is Illmatic;United States;2014;TV-MA;75 min;Documentaries, Music & Musicals
Movie;Wave of Cinema: One Day We'll Talk About Today;;2020;TV-14;71 min;Documentaries, International Movies, Music & Musicals
Movie;Zoot Suit;United States;1981;R;103 min;Cult Movies, Dramas, Music & Musicals
TV Show;Ajaibnya Cinta;;2015;TV-PG;1 Season;International TV Shows, TV Dramas
TV Show;Dad Stop Embarrassing Me!;United States;2021;TV-14;1 Season;TV Comedies
TV Show;Fate: The Winx Saga;Italy, United Kingdom;2021;TV-MA;1 Season;British TV Shows, International TV Shows, TV Dramas
TV Show;House of Cards;United States;2018;TV-MA;6 Seasons;TV Dramas, TV Thrillers
TV Show;Indian Matchmaking;United States, India;2020;TV-14;1 Season;Reality TV, Romantic TV Shows
TV Show;Jeffrey Epstein: Filthy Rich;United States;2020;TV-MA;1 Season;Crime TV Shows, Docuseries
TV Show;Law School;South Korea;2021;TV-14;1 Season;Crime TV Shows, International TV Shows, TV Dramas
TV Show;Living with Yourself;United States;2019;TV-MA;1 Season;TV Comedies, TV Dramas
TV Show;Signal;South Korea;2016;TV-MA;1 Season;Crime TV Shows, International TV Shows, Korean TV Shows
TV Show;Slasher;Canada;2019;TV-MA;3 Seasons;TV Horror, TV Mysteries, TV Thrillers
Movie;The Soul;China, Taiwan;2021;TV-MA;130 min;Dramas, International Movies, Thrillers
TV Show;The Underclass;Thailand;2020;TV-MA;1 Season;International TV Shows, TV Dramas, Teen TV Shows
TV Show;Unnatural Selection;United States;2019;TV-MA;1 Season;Docuseries, Science & Nature TV
Movie;Uppena;India;2020;TV-14;145 min;Dramas, International Movies, Romantic Movies
Movie;Why Did You Kill Me?;United States;2021;TV-MA;84 min;Documentaries
Movie;Motu Patlu in Hong Kong: Kung Fu Kings 3;;2017;TV-Y7;84 min;Children & Family Movies, Music & Musicals
Movie;Motu Patlu in the City of Gold;;2018;TV-Y7;77 min;Children & Family Movies, Comedies, Music & Musicals
Movie;Motu Patlu Kung Fu Kings 4 The Challenge of Kung Fu Brothers;;2018;TV-Y7;86 min;Children & Family Movies, Music & Musicals
Movie;Motu Patlu the Superheroes – Super Villains from Mars;;2019;TV-Y7;79 min;Children & Family Movies
TV Show;My Love: Six Stories of True Love;United States, Brazil, Japan, Spain, India;2021;TV-PG;1 Season;Docuseries
Movie;Shiva VS Autobots;;2018;TV-Y7;80 min;Children & Family Movies
Movie;Shiva: Journey to Plunotaria;;2019;TV-Y7;81 min;Children & Family Movies
Movie;Shiva: The Secret World Of Vedas City;;2017;TV-Y;78 min;Children & Family Movies
TV Show;The Baker and the Beauty;Israel, United States;2020;TV-PG;1 Season;Romantic TV Shows, TV Comedies, TV Dramas
Movie;New Gods: Nezha Reborn;China;2021;TV-14;118 min;Action & Adventure, Anime Features, International Movies
TV Show;Nicky, Ricky, Dicky & Dawn;United States;2018;TV-G;4 Seasons;Kids' TV, TV Comedies
TV Show;Don't be the First one;;2021;TV-14;1 Season;International TV Shows, Reality TV
Movie;The Stand-In;United States;2020;R;102 min;Comedies
TV Show;Heaven Official's Blessing;China;2020;TV-14;1 Season;Anime Series, International TV Shows, Romantic TV Shows
Movie;Night in Paradise;South Korea;2021;TV-MA;132 min;Dramas, International Movies
Movie;Ojukokoro: Greed;Nigeria;2016;TV-MA;108 min;Dramas, International Movies, Thrillers
Movie;Roohi;India;2021;TV-14;133 min;Comedies, Horror Movies, International Movies
Movie;Thunder Force;United States;2021;PG-13;107 min;Action & Adventure, Comedies
Movie;Two Distant Strangers;United States;2021;TV-MA;32 min;Dramas
Movie;Story of Kale: When Someone's in Love;Indonesia;2020;TV-PG;78 min;Dramas, International Movies, Romantic Movies
TV Show;The Way of the Househusband;Japan;2021;TV-MA;1 Season;Anime Series, International TV Shows
Movie;Dolly Parton: A MusiCares Tribute;;2021;TV-PG;55 min;Documentaries, Music & Musicals
TV Show;The Big Day;India;2021;TV-14;2 Seasons;International TV Shows, Reality TV, Romantic TV Shows
TV Show;The Wedding Coach;;2021;TV-MA;1 Season;Reality TV, Romantic TV Shows
TV Show;This Is a Robbery: The World's Biggest Art Heist;;2021;TV-MA;1 Season;Crime TV Shows, Docuseries, TV Mysteries
Movie;The Last Kids on Earth: Happy Apocalypse to You;;2021;TV-Y7;92 min;Children & Family Movies, Comedies
Movie;Coded Bias;United States, China, United Kingdom;2020;TV-MA;86 min;Documentaries
Movie;Mandela;India;2021;TV-14;140 min;Comedies, Dramas, International Movies
Movie;The Fisherman's Diary;Cameroon;2020;TV-MA;143 min;Dramas, International Movies
Movie;What Lies Below;United States;2020;TV-MA;88 min;Horror Movies, Thrillers
Movie;Escape from Planet Earth;United States, Canada;2013;PG;89 min;Children & Family Movies, Comedies, Sci-Fi & Fantasy
Movie;Accepted;United States;2006;PG-13;93 min;Comedies
Movie;Air Strike;China;2018;R;97 min;Action & Adventure, Dramas, International Movies
Movie;An American Girl: McKenna Shoots for the Stars;United States, Canada;2012;TV-Y;94 min;Children & Family Movies, Comedies, Dramas
Movie;Concrete Cowboy;United Kingdom, United States;2021;R;112 min;Dramas, Independent Movies
Movie;Cross: Rise of the Villains;United States;2019;R;100 min;Action & Adventure
Movie;God Calling;Nigeria;2018;TV-MA;120 min;Dramas, Faith & Spirituality, International Movies
Movie;Irul;India;2021;TV-MA;91 min;International Movies, Thrillers
Movie;Just Say Yes;Netherlands;2021;TV-MA;98 min;Comedies, International Movies, Romantic Movies
Movie;Madame Claude;France;2021;TV-MA;113 min;Dramas, International Movies
Movie;Wild Child;United States, United Kingdom, France;2008;PG-13;98 min;Comedies, Romantic Movies
Movie;Woody Woodpecker;United States;2017;PG;91 min;Children & Family Movies, Comedies
Movie;2012;United States;2009;PG-13;158 min;Action & Adventure, Sci-Fi & Fantasy
Movie;3 Idiots;India;2009;PG-13;164 min;Comedies, Dramas, International Movies
Movie;Ferrari Ki Sawaari;India;2012;TV-PG;133 min;Comedies, International Movies, Sports Movies
TV Show;Glimpses of a Future;;2020;TV-PG;1 Season;Docuseries, International TV Shows
Movie;Ibrahim a Fate to Define;Lebanon, Palestine, Denmark, Qatar;2019;TV-PG;75 min;Documentaries, International Movies
Movie;Insidious;United States, Canada;2010;PG-13;103 min;Horror Movies, Thrillers
Movie;Into the Grizzly Maze;United States, Canada;2015;R;90 min;Action & Adventure, Horror Movies
Movie;Kingsglaive: Final Fantasy XV;Japan, United States;2016;PG-13;116 min;Action & Adventure, Sci-Fi & Fantasy
Movie;Legally Blonde;United States;2001;PG-13;96 min;Comedies, Romantic Movies
Movie;Madam Chief Minister;India;2020;TV-14;121 min;Dramas, International Movies
TV Show;Magical Andes;Uruguay, Germany;2021;TV-G;2 Seasons;Docuseries, International TV Shows, Science & Nature TV
Movie;Maximum Risk;United States;1996;R;101 min;Action & Adventure
TV Show;Murder Maps;United Kingdom;2017;TV-MA;2 Seasons;British TV Shows, Crime TV Shows, Docuseries
Movie;My Fair Lady;United States;1964;G;173 min;Classic Movies, Music & Musicals
TV Show;Prank Encounters;United States;2021;TV-MA;2 Seasons;Reality TV, TV Comedies, TV Horror
Movie;S.W.A.T.: Under Siege;United States;2017;R;89 min;Action & Adventure, International Movies
TV Show;Secrets of Great British Castles;United Kingdom;2016;TV-PG;2 Seasons;British TV Shows, Docuseries, International TV Shows
Movie;Seven Souls in the Skull Castle: Season Bird;;2017;TV-14;182 min;Action & Adventure, Dramas, International Movies
Movie;Seven Souls in the Skull Castle: Season Flower;Japan;2017;TV-14;181 min;Action & Adventure, Dramas, International Movies
Movie;Seven Souls in the Skull Castle: Season Wind;;2017;TV-14;185 min;Action & Adventure, Dramas, International Movies
Movie;Sniper: Ghost Shooter;United States;2016;R;99 min;Action & Adventure
Movie;Starship Troopers: Traitor of Mars;United States, Japan;2017;R;88 min;Action & Adventure, Sci-Fi & Fantasy
Movie;Takers;United States;2010;PG-13;107 min;Action & Adventure
Movie;Tersanjung the Movie;Indonesia;2021;TV-14;114 min;Dramas, International Movies, Romantic Movies
Movie;The Knight and the Princess;Egypt, Saudi Arabia;2019;TV-PG;96 min;Action & Adventure, International Movies, Music & Musicals
Movie;The Pianist;United Kingdom, France, Poland, Germany, United States;2002;R;149 min;Dramas, Independent Movies, International Movies
Movie;The Stepfather;United States;2009;PG-13;102 min;Horror Movies, Thrillers
Movie;Universal Soldier: The Return;United States;1999;R;83 min;Action & Adventure
Movie;Wazir;India;2016;TV-14;98 min;Dramas, International Movies, Thrillers
Movie;White Boy;United States;2017;TV-MA;83 min;Documentaries
TV Show;Worn Stories;United States;2021;TV-MA;1 Season;Docuseries, Reality TV
Movie;Yes Man;United States, United Kingdom;2008;PG-13;104 min;Comedies, Romantic Movies
Movie;At Eternity's Gate;Ireland, Switzerland, United Kingdom, France, United States;2018;PG-13;111 min;Dramas
TV Show;Haunted: Latin America;United States, Mexico;2021;TV-14;1 Season;International TV Shows, Reality TV, Spanish-Language TV Shows
Movie;Not a Game;United Kingdom;2020;TV-MA;98 min;Documentaries, International Movies, Sports Movies
TV Show;Robocar Poli;South Korea;2015;TV-Y;2 Seasons;Kids' TV, Korean TV Shows
TV Show;Yu-Gi-Oh!;Japan;2005;TV-Y7;1 Season;Anime Series, Kids' TV
Movie;7 Yards: The Chris Norton Story;United States;2021;TV-PG;93 min;Documentaries
Movie;Octonauts & the Ring of Fire;China, United Kingdom;2021;TV-Y;73 min;Children & Family Movies
TV Show;Rainbow High;United States;2020;TV-Y;1 Season;Kids' TV
Movie;Mandela: Long Walk to Freedom;United Kingdom, South Africa, France;2013;PG-13;141 min;Dramas, International Movies
Movie;Lawless;United States;2012;R;116 min;Dramas
Movie;Marked;Nigeria;2021;TV-PG;21 min;Documentaries, International Movies
Movie;A Week Away;United States;2021;TV-PG;98 min;Children & Family Movies, Faith & Spirituality, Music & Musicals
Movie;Bad Trip;United States;2021;TV-MA;87 min;Comedies
TV Show;Big Time Rush;United States;2013;TV-G;4 Seasons;Kids' TV
Movie;Black Is Beltza;;2018;TV-MA;87 min;Dramas, International Movies
Movie;Croupier;Ireland, United Kingdom, France, Germany;1998;TV-MA;95 min;Dramas, Independent Movies, Thrillers
Movie;Elizabeth and Margaret: Love and Loyalty;United Kingdom;2020;TV-PG;87 min;Documentaries
Movie;Keeping the Bees;Turkey;2020;TV-14;93 min;Dramas, International Movies
TV Show;Magic for Humans Spain;Spain;2021;TV-MA;1 Season;International TV Shows, Reality TV, Spanish-Language TV Shows
Movie;Ni de coña;Spain;2020;TV-MA;97 min;Comedies, International Movies
Movie;Pagglait;India;2021;TV-PG;114 min;Comedies, Dramas, International Movies
TV Show;The Irregulars;United Kingdom;2021;TV-14;1 Season;British TV Shows, Crime TV Shows, International TV Shows
Movie;Caught by a Wave;Italy;2021;TV-14;100 min;Dramas, International Movies, Romantic Movies
TV Show;DOTA: Dragon's Blood;United States;2021;TV-MA;1 Season;Anime Series
TV Show;Pui Pui Molcar;Japan;2021;TV-Y7;1 Season;Kids' TV
Movie;Secret Magic Control Agency;Russia, United States;2021;TV-Y7;105 min;Children & Family Movies, Comedies
Movie;Seaspiracy;United States;2021;TV-14;90 min;Documentaries
Movie;Loyiso Gola: Unlearning;South Africa;2021;TV-MA;60 min;Stand-Up Comedy
TV Show;Men on a Mission;South Korea;2021;TV-14;6 Seasons;International TV Shows, Korean TV Shows, Stand-Up Comedy & Talk Shows
TV Show;Navillera;South Korea;2021;TV-14;1 Season;International TV Shows, TV Dramas
Movie;Philomena;United Kingdom, United States, France;2013;PG-13;98 min;Dramas, Independent Movies, International Movies
Movie;Any Crybabies Around?;Japan;2020;TV-MA;108 min;Dramas, International Movies
Movie;Hospital;Taiwan;2020;TV-MA;90 min;Horror Movies, International Movies
Movie;Jiu Jitsu;United States;2020;R;102 min;Action & Adventure
TV Show;Mighty Morphin Power Rangers;United States, Japan;2010;TV-Y7;4 Seasons;Kids' TV
TV Show;Alien TV;;2021;TV-Y7;2 Seasons;Kids' TV, TV Comedies
TV Show;Country Comfort;United States;2021;TV-PG;1 Season;TV Comedies
TV Show;Formula 1: Drive to Survive;United Kingdom;2021;TV-MA;3 Seasons;Docuseries
Movie;Reframe THEATER EXPERIENCE with you;;2020;TV-G;84 min;International Movies, Music & Musicals
Movie;The Yin Yang Master;China;2021;TV-14;120 min;Action & Adventure, International Movies
Movie;Who's the Boss;Nigeria;2020;TV-MA;106 min;Comedies, International Movies, Romantic Movies
TV Show;B: The Beginning;Japan;2021;TV-MA;2 Seasons;Anime Series, Crime TV Shows, International TV Shows
Movie;Deadly Illusions;United States;2021;R;115 min;Thrillers
Movie;Get the Goat;Brazil;2021;TV-14;98 min;Action & Adventure, Comedies, International Movies
Movie;Nate Bargatze: The Greatest Average American;United States;2021;TV-G;60 min;Stand-Up Comedy
Movie;Skylines;United Kingdom, United States;2020;R;113 min;Action & Adventure
Movie;The Fluffy Movie;United States;2014;PG-13;101 min;Stand-Up Comedy
Movie;The Present;United Kingdom,;2020;TV-MA;24 min;Dramas, International Movies
Movie;Wave of Cinema: 90's Generation;;2020;TV-PG;51 min;Documentaries, International Movies, Music & Musicals
Movie;Catch.er;Nigeria;2017;TV-14;80 min;Dramas, International Movies, Thrillers
Movie;Operation Varsity Blues: The College Admissions Scandal;United States;2021;R;100 min;Documentaries
TV Show;Under Suspicion: Uncovering the Wesphael Case;Belgium;2021;TV-14;1 Season;Crime TV Shows, Docuseries, International TV Shows
Movie;Get on Up;United Kingdom, United States;2014;PG-13;139 min;Dramas, Music & Musicals
Movie;RebellComedy: Straight Outta the Zoo;Germany;2021;TV-MA;74 min;Stand-Up Comedy
